Sep-30 18:53:03.064 [main] DEBUG nextflow.cli.Launcher - $> nextflow run nf-core/rnaseq -w /mnt/d/Bioinformatik_MSc_alt/CW_BMD/work/OUTDIR/Day_2 -profile docker -params-file params_rnaseq_01.yaml -c run_local.config -resume
Sep-30 18:53:03.295 [main] DEBUG nextflow.cli.CmdRun - N E X T F L O W  ~  version 26.04.6
Sep-30 18:53:03.371 [main] DEBUG nextflow.plugin.PluginsFacade - Setting up plugin manager > mode=prod; embedded=false; plugins-dir=/home/laura/.nextflow/plugins; core-plugins: nf-amazon@3.9.2,nf-azure@1.22.6,nf-cloudcache@0.6.0,nf-codecommit@0.5.3,nf-console@1.3.0,nf-google@1.27.3,nf-k8s@1.5.4,nf-seqera@0.21.1,nf-tower@1.28.2,nf-wave@1.21.0
Sep-30 18:53:03.443 [main] INFO  o.pf4j.DefaultPluginStatusProvider - Enabled plugins: []
Sep-30 18:53:03.445 [main] INFO  o.pf4j.DefaultPluginStatusProvider - Disabled plugins: []
Sep-30 18:53:03.453 [main] INFO  org.pf4j.DefaultPluginManager - PF4J version 3.14.1 in 'deployment' mode
Sep-30 18:53:03.496 [main] DEBUG nextflow.util.RetryConfig - Missing nextflow session - using default retry config
Sep-30 18:53:03.941 [main] DEBUG nextflow.plugin.PluginUpdater - Using plugin repository: HttpPluginRepository [registry]; url=https://registry.nextflow.io/api
Sep-30 18:53:03.953 [main] INFO  org.pf4j.AbstractPluginManager - No plugins
Sep-30 18:53:03.988 [main] DEBUG nextflow.scm.ProviderConfig - Using SCM config path: /home/laura/.nextflow/scm
Sep-30 18:53:04.022 [main] DEBUG nextflow.scm.AssetManager - Selecting multi-revision strategy
Sep-30 18:53:04.339 [main] DEBUG nextflow.config.ConfigParserFactory - Using config parser v2
Sep-30 18:53:05.646 [main] DEBUG nextflow.scm.AssetManager - Git config: /home/laura/.nextflow/assets/.repos/nf-core/rnaseq/bare/config; branch: master; remote: origin; url: https://github.com/nf-core/rnaseq.git
Sep-30 18:53:05.739 [main] DEBUG nextflow.scm.RepositoryFactory - Found Git repository result: [RepositoryFactory]
Sep-30 18:53:05.755 [main] DEBUG nextflow.scm.AssetManager - Git config: /home/laura/.nextflow/assets/.repos/nf-core/rnaseq/bare/config; branch: master; remote: origin; url: https://github.com/nf-core/rnaseq.git
Sep-30 18:53:06.972 [main] DEBUG nextflow.config.ConfigBuilder - Found config base: /home/laura/.nextflow/assets/.repos/nf-core/rnaseq/clones/a1fcdddd3b826fe46eb46f0479f2ff8a7815af05/nextflow.config
Sep-30 18:53:06.986 [main] DEBUG nextflow.config.ConfigBuilder - User config file: /home/laura/CW_BMD/computational-workflows-2026/day_02/run_local.config
Sep-30 18:53:06.988 [main] DEBUG nextflow.config.ConfigBuilder - Parsing config file: /home/laura/.nextflow/assets/.repos/nf-core/rnaseq/clones/a1fcdddd3b826fe46eb46f0479f2ff8a7815af05/nextflow.config
Sep-30 18:53:06.989 [main] DEBUG nextflow.config.ConfigBuilder - Parsing config file: /home/laura/CW_BMD/computational-workflows-2026/day_02/run_local.config
Sep-30 18:53:06.992 [main] DEBUG nextflow.config.ConfigParserFactory - Using config parser v2
Sep-30 18:53:07.023 [main] DEBUG nextflow.config.ConfigBuilder - Applying config profile: `docker`
Sep-30 18:53:10.136 [main] DEBUG nextflow.config.ConfigBuilder - Applying config profile: `docker`
Sep-30 18:53:10.171 [main] DEBUG nextflow.config.ConfigBuilder - Available config profiles: [debug, conda, mamba, docker, arm64, emulate_amd64, singularity, podman, shifter, charliecloud, apptainer, wave, test, test_gpu, test_full, test_prokaryotic, prokaryotic, rapid_quant, test_full_aws, test_full_gcp, test_full_azure, abims, adcra, alice, alliance_canada, apollo, arcc, aws_tower, awsbatch, azurebatch, bi, bigpurple, bih, binac2, biohpc_gen, biowulf, bluebear, cambridge, cannon, cbe, ccga_dx, ccga_cau, ceci_dragon2, ceci_nic5, cedars, ceres, cfc, cfc_dev, cheaha, computerome, create, crg, crick, cropdiversityhpc, crukmi, csiro_petrichor, czbiohub_aws, daisybio, denbi_qbic, dkfz, dirac, ebc, eddie, ebi_codon, ebi_codon_slurm, einstein, embl_hd, engaging, ethz_euler, eva, eva_grace, fgcz, fred_hutch, fsu_draco, fub_curta, genotoul, genouest, giga, gis, googlebatch, hasta, hazel, hki_genie, hypatia, humantechnopole, icr_alma, ifb_core, imb, imperial, incliva, ipop_up, iris, janelia, jax, jex, unsw_katana, ku_sund_danhead, kaust, kelvin2, ki_luria, leicester, lovelace, lrz_cm4, lugh, m3c, maestro, mahuika, mana, marjorie, marvin, mccleary, mcw_rcc, medair, mjolnir_globe, mpcdf, mpcdf_viper, mssm, munin, naiss, nci_gadi, nu_genomics, nygc, nyu_hpc, oist, palmetto, pasteur, pawsey_setonix, pdc_kth, phoenix, psmn, purdue_bell, purdue_gautschi, purdue_negishi, qmul_apocrita, rki, rosalind, rosalind_uge, roslin, saga_sigma2, sage, sahmri, sanger, ilifu, seadragon, seattlechildrens, seawulf, seg_globe, self_hosted_runner, shu_bmrc, stjude, tes, tigem, tubingen_apg, tufts, tuos_stanage, ucd_sonic, ucl_cscluster, ucl_myriad, uct_hpc, uge, unc_lccc, unc_longleaf, unibe_ibu, unity, uod_hpc, uppmax, utd_juno, uw_hyak_pedslabs, uzh, uzl_omics, vai, verily_workbench, vsc_calcua, vsc_kul_uhasselt, vsc_ugent, wehi, xanadu, york_viking, utd_sysbio]
Sep-30 18:53:10.288 [main] DEBUG nextflow.plugin.PluginsFacade - Plugins declared=[nf-schema@2.7.2]
Sep-30 18:53:10.289 [main] DEBUG nextflow.plugin.PluginsFacade - Plugins default=[]
Sep-30 18:53:10.290 [main] DEBUG nextflow.plugin.PluginsFacade - Plugins resolved requirement=[nf-schema@2.7.2]
Sep-30 18:53:10.294 [main] DEBUG nextflow.plugin.PluginUpdater - Installing plugin nf-schema version: 2.7.2
Sep-30 18:53:10.321 [main] INFO  org.pf4j.AbstractPluginManager - Plugin 'nf-schema@2.7.2' resolved
Sep-30 18:53:10.321 [main] INFO  org.pf4j.AbstractPluginManager - Start plugin 'nf-schema@2.7.2'
Sep-30 18:53:10.334 [main] DEBUG nextflow.plugin.BasePlugin - Plugin started nf-schema@2.7.2
Sep-30 18:53:10.349 [main] DEBUG n.secret.LocalSecretsProvider - Secrets store: /home/laura/.nextflow/secrets/store.json
Sep-30 18:53:10.355 [main] DEBUG nextflow.secret.SecretsLoader - Discovered secrets providers: [nextflow.secret.LocalSecretsProvider@5613247e] - activable => nextflow.secret.LocalSecretsProvider@5613247e
Sep-30 18:53:10.359 [main] DEBUG nextflow.cli.CmdRun - Launching `https://github.com/nf-core/rnaseq` [admiring_colden] - revision: a1fcdddd3b [master]
Sep-30 18:53:10.438 [main] WARN  nextflow.config.ConfigValidator - Unrecognized config option 'manifest.diagram'
Sep-30 18:53:10.537 [main] DEBUG nextflow.Session - Session UUID: c8ef45ee-4911-41f9-9cfe-913f599dc54e
Sep-30 18:53:10.538 [main] DEBUG nextflow.Session - Run name: admiring_colden
Sep-30 18:53:10.540 [main] DEBUG nextflow.Session - Executor pool size: 8
Sep-30 18:53:10.569 [main] DEBUG nextflow.file.FilePorter - File porter settings maxRetries=3; maxTransfers=50; pollTimeout=null
Sep-30 18:53:10.583 [main] DEBUG nextflow.util.ThreadPoolBuilder - Creating thread pool 'FileTransfer' minSize=10; maxSize=24; workQueue=LinkedBlockingQueue[-1]; allowCoreThreadTimeout=false
Sep-30 18:53:10.634 [main] DEBUG nextflow.cli.CmdRun - 
  Version: 26.04.6 build 12646
  Created: 09-07-2026 18:49 UTC (20:49 CEST)
  System: Linux 6.6.87.2-microsoft-standard-WSL2
  Runtime: Groovy 4.0.31 on OpenJDK 64-Bit Server VM 25.0.4.1+1-1-24.04.4-Ubuntu
  Encoding: UTF-8 (UTF-8)
  Process: 1436@LaurasHuawei [127.0.1.1]
  CPUs: 8 - Mem: 15.4 GB (11.6 GB) - Swap: 8 GB (8 GB)
Sep-30 18:53:10.689 [main] DEBUG nextflow.Session - Work-dir: /mnt/d/Bioinformatik_MSc_alt/CW_BMD/work/OUTDIR/Day_2 [v9fs]
Sep-30 18:53:10.767 [main] DEBUG nextflow.executor.ExecutorFactory - Extension executors providers=[]
Sep-30 18:53:10.784 [main] DEBUG nextflow.Session - Observer factory (v2): LinObserverFactory
Sep-30 18:53:10.787 [main] DEBUG nextflow.Session - Observer factory (v2): DefaultObserverFactory
Sep-30 18:53:10.807 [main] DEBUG nextflow.Session - Observer factory (v2): ValidationObserverFactory
Sep-30 18:53:10.848 [main] DEBUG nextflow.Session - Unable to resolve dynamic `container` directive -- cause: No such property: workflow for class: nextflow.script.ScriptBinding
Sep-30 18:53:10.875 [main] DEBUG nextflow.cache.CacheFactory - Using Nextflow cache factory: nextflow.cache.DefaultCacheFactory
Sep-30 18:53:10.906 [main] DEBUG nextflow.util.CustomThreadPool - Creating default thread pool > poolSize: 9; maxThreads: 1000
Sep-30 18:53:11.119 [main] DEBUG nextflow.Session - Session start
Sep-30 18:53:11.149 [main] DEBUG nextflow.trace.TraceFileObserver - Workflow started -- trace file: /mnt/d/Bioinformatik_MSc_alt/CW_BMD/OUTDIR/Day_2/pipeline_info/execution_trace_2026-09-30_18-53-07.txt
Sep-30 18:53:11.171 [main] DEBUG nextflow.script.ScriptLoaderFactory - Using script parser v2
Sep-30 18:53:19.890 [main] DEBUG nextflow.script.ScriptRunner - > Launching execution
Sep-30 18:53:20.284 [main] DEBUG nextflow.script.IncludeDef - Loading included plugin extensions with names: [paramsSummaryMap:paramsSummaryMap]; plugin Id: nf-schema
Sep-30 18:53:20.301 [main] DEBUG n.validation.config.ValidationConfig - Set `validation.monochromeLogs` to false
Sep-30 18:53:20.302 [main] DEBUG n.validation.config.ValidationConfig - Added the following parameters to the ignored parameters: [genomes, igenomes_base]
Sep-30 18:53:20.325 [main] DEBUG nextflow.script.IncludeDef - Loading included plugin extensions with names: [samplesheetToList:samplesheetToList]; plugin Id: nf-schema
Sep-30 18:53:20.332 [main] DEBUG nextflow.script.IncludeDef - Loading included plugin extensions with names: [paramsSummaryLog:paramsSummaryLog]; plugin Id: nf-schema
Sep-30 18:53:20.336 [main] DEBUG nextflow.script.IncludeDef - Loading included plugin extensions with names: [validateParameters:validateParameters]; plugin Id: nf-schema
Sep-30 18:53:20.338 [main] DEBUG nextflow.script.IncludeDef - Loading included plugin extensions with names: [paramsHelp:paramsHelp]; plugin Id: nf-schema
Sep-30 18:53:20.344 [main] DEBUG nextflow.script.IncludeDef - Loading included plugin extensions with names: [paramsSummaryMap:paramsSummaryMap]; plugin Id: nf-schema
Sep-30 18:53:20.345 [main] DEBUG nextflow.script.IncludeDef - Loading included plugin extensions with names: [paramsHelp:paramsHelp]; plugin Id: nf-schema
Sep-30 18:53:20.899 [main] DEBUG nextflow.script.IncludeDef - Loading included plugin extensions with names: [paramsSummaryMap:paramsSummaryMap]; plugin Id: nf-schema
Sep-30 18:53:20.900 [main] DEBUG nextflow.script.IncludeDef - Loading included plugin extensions with names: [paramsHelp:paramsHelp]; plugin Id: nf-schema
Sep-30 18:53:20.984 [main] DEBUG nextflow.script.IncludeDef - Loading included plugin extensions with names: [samplesheetToList:samplesheetToList]; plugin Id: nf-schema
Sep-30 18:53:21.267 [main] DEBUG nextflow.script.IncludeDef - Loading included plugin extensions with names: [paramsSummaryMap:paramsSummaryMap]; plugin Id: nf-schema
Sep-30 18:53:21.268 [main] DEBUG nextflow.script.IncludeDef - Loading included plugin extensions with names: [paramsHelp:paramsHelp]; plugin Id: nf-schema
Sep-30 18:53:21.428 [main] INFO  nextflow.Nextflow - 
-[2m----------------------------------------------------[0m-
                                        [0;32m,--.[0;30m/[0;32m,-.[0m
[0;34m        ___     __   __   __   ___     [0;32m/,-._.--~'[0m
[0;34m  |\ | |__  __ /  ` /  \ |__) |__         [0;33m}  {[0m
[0;34m  | \| |       \__, \__/ |  \ |___     [0;32m\`-._,-`-,[0m
                                        [0;32m`._,._,'[0m
[0;35m  nf-core/rnaseq 3.27.0[0m
-[2m----------------------------------------------------[0m-

Sep-30 18:53:21.503 [main] DEBUG n.validation.ValidationExtension - Containers specified in config:
    .*PARABRICKS_STARGENOMEGENERATE: (dynamic resolved)
Sep-30 18:53:21.518 [main] INFO  nextflow.Nextflow - [1mInput/output options[0m
  [0;34minput               : [0;32mSRA_runs/samplesheet/samplesheet_final.csv[0m
  [0;34moutdir              : [0;32m/mnt/d/Bioinformatik_MSc_alt/CW_BMD/OUTDIR/Day_2[0m

[1mReference genome options[0m
  [0;34mfasta               : [0;32mhttps://ftp.ensembl.org/pub/release-102/fasta/mus_musculus/dna/Mus_musculus.GRCm38.dna.chromosome.19.fa.gz[0m
  [0;34mgtf                 : [0;32mhttps://ftp.ensembl.org/pub/release-102/gtf/mus_musculus/Mus_musculus.GRCm38.102.gtf.gz[0m

[1mUMI options[0m
  [0;34mumi_discard_read    : [0;32m0[0m

[1mAlignment options[0m
  [0;34maligner             : [0;32mhisat2[0m
  [0;34mmin_mapped_reads    : [0;32m0[0m

[1mOptional outputs[0m
  [0;34msave_align_intermeds: [0;32mtrue[0m

[1mGeneric options[0m
  [0;34mtrace_report_suffix : [0;32m2026-09-30_18-53-07[0m

[1mCore Nextflow options[0m
  [0;34mrevision            : [0;32mmaster[0m
  [0;34mrunName             : [0;32madmiring_colden[0m
  [0;34mcontainerEngine     : [0;32mdocker[0m
  [0;34mlaunchDir           : [0;32m/home/laura/CW_BMD/computational-workflows-2026/day_02[0m
  [0;34mworkDir             : [0;32m/mnt/d/Bioinformatik_MSc_alt/CW_BMD/work/OUTDIR/Day_2[0m
  [0;34mprojectDir          : [0;32m/home/laura/.nextflow/assets/.repos/nf-core/rnaseq/clones/a1fcdddd3b826fe46eb46f0479f2ff8a7815af05[0m
  [0;34muserName            : [0;32mlaura[0m
  [0;34mprofile             : [0;32mdocker[0m
  [0;34mconfigFiles         : [0;32m/home/laura/.nextflow/assets/.repos/nf-core/rnaseq/clones/a1fcdddd3b826fe46eb46f0479f2ff8a7815af05/nextflow.config, /home/laura/CW_BMD/computational-workflows-2026/day_02/run_local.config[0m

!! Only displaying parameters that differ from the pipeline defaults !!
-[2m----------------------------------------------------[0m-
Sep-30 18:53:21.519 [main] INFO  nextflow.Nextflow - 
* The pipeline
    https://doi.org/10.5281/zenodo.1400710

* The nf-core framework
    https://doi.org/10.1038/s41587-020-0439-x

* Software dependencies
    https://github.com/nf-core/rnaseq/blob/master/CITATIONS.md

Sep-30 18:53:21.533 [main] DEBUG n.v.parameters.ParameterValidator - Starting parameters validation
Sep-30 18:53:21.843 [main] DEBUG n.v.v.evaluators.SchemaEvaluator - Started validating /home/laura/CW_BMD/computational-workflows-2026/day_02/SRA_runs/samplesheet/samplesheet_final.csv
Sep-30 18:53:21.985 [main] DEBUG n.v.v.evaluators.SchemaEvaluator - Validation of file 'SRA_runs/samplesheet/samplesheet_final.csv' passed!
Sep-30 18:53:23.505 [main] DEBUG n.file.http.XFileSystemProvider - Got HTTP error=404 waiting for 250ms (attempt=1)
Sep-30 18:53:23.853 [main] DEBUG n.file.http.XFileSystemProvider - Got HTTP error=404 waiting for 750ms (attempt=2)
Sep-30 18:53:24.728 [main] DEBUG n.file.http.XFileSystemProvider - Got HTTP error=404 waiting for 2250ms (attempt=3)
Sep-30 18:53:27.411 [main] DEBUG n.file.http.XFileSystemProvider - Got HTTP error=404 waiting for 250ms (attempt=1)
Sep-30 18:53:28.008 [main] DEBUG n.file.http.XFileSystemProvider - Got HTTP error=404 waiting for 750ms (attempt=2)
Sep-30 18:53:28.902 [main] DEBUG n.file.http.XFileSystemProvider - Got HTTP error=404 waiting for 2250ms (attempt=3)
Sep-30 18:53:31.358 [main] DEBUG n.v.parameters.ParameterValidator - Finishing parameters validation
Sep-30 18:53:31.615 [main] DEBUG n.script.dsl.ProcessConfigBuilder - Config settings `withLabel:process_single` matches labels `process_single` for process with name NFCORE_RNASEQ:PREPARE_GENOME_REFERENCES:GUNZIP_GTF
Sep-30 18:53:31.627 [main] DEBUG n.script.dsl.ProcessConfigBuilder - Config settings `withName:GUNZIP_.*|.*MAKE_TRANSCRIPTS_FASTA` matches process NFCORE_RNASEQ:PREPARE_GENOME_REFERENCES:GUNZIP_GTF
Sep-30 18:53:31.651 [main] DEBUG nextflow.executor.ExecutorFactory - << taskConfig executor: null
Sep-30 18:53:31.651 [main] DEBUG nextflow.executor.ExecutorFactory - >> processorType: 'local'
Sep-30 18:53:31.665 [main] DEBUG nextflow.executor.Executor - [warm up] executor > local
Sep-30 18:53:31.679 [main] DEBUG n.processor.LocalPollingMonitor - Creating local task monitor for executor 'local' > cpus=6; memory=12 GB; capacity=8; pollInterval=100ms; dumpInterval=5m
Sep-30 18:53:31.683 [main] DEBUG n.processor.TaskPollingMonitor - >>> barrier register (monitor: local)
Sep-30 18:53:31.777 [main] DEBUG nextflow.processor.TaskProcessor - Creating process 'NFCORE_RNASEQ:PREPARE_GENOME_REFERENCES:GUNZIP_GTF': maxForks=0; fair=false; array=0
Sep-30 18:53:32.049 [main] DEBUG n.script.dsl.ProcessConfigBuilder - Config settings `withLabel:process_single` matches labels `process_single` for process with name NFCORE_RNASEQ:PREPARE_GENOME_REFERENCES:GUNZIP_FASTA
Sep-30 18:53:32.054 [main] DEBUG n.script.dsl.ProcessConfigBuilder - Config settings `withName:GUNZIP_.*|.*MAKE_TRANSCRIPTS_FASTA` matches process NFCORE_RNASEQ:PREPARE_GENOME_REFERENCES:GUNZIP_FASTA
Sep-30 18:53:32.066 [main] DEBUG nextflow.executor.ExecutorFactory - << taskConfig executor: null
Sep-30 18:53:32.066 [main] DEBUG nextflow.executor.ExecutorFactory - >> processorType: 'local'
Sep-30 18:53:32.067 [main] DEBUG nextflow.processor.TaskProcessor - Creating process 'NFCORE_RNASEQ:PREPARE_GENOME_REFERENCES:GUNZIP_FASTA': maxForks=0; fair=false; array=0
Sep-30 18:53:32.079 [main] DEBUG n.script.dsl.ProcessConfigBuilder - Config settings `withLabel:process_single` matches labels `process_single` for process with name NFCORE_RNASEQ:PREPARE_GENOME_REFERENCES:CUSTOM_GTFFILTER
Sep-30 18:53:32.082 [main] DEBUG n.script.dsl.ProcessConfigBuilder - Config settings `withName:CUSTOM_GTFFILTER` matches process NFCORE_RNASEQ:PREPARE_GENOME_REFERENCES:CUSTOM_GTFFILTER
Sep-30 18:53:32.091 [main] DEBUG nextflow.executor.ExecutorFactory - << taskConfig executor: null
Sep-30 18:53:32.092 [main] DEBUG nextflow.executor.ExecutorFactory - >> processorType: 'local'
Sep-30 18:53:32.093 [main] DEBUG nextflow.processor.TaskProcessor - Creating process 'NFCORE_RNASEQ:PREPARE_GENOME_REFERENCES:CUSTOM_GTFFILTER': maxForks=0; fair=false; array=0
Sep-30 18:53:32.101 [main] WARN  nextflow.extension.OperatorImpl - The operator `first` is useless when applied to a value channel which returns a single value by definition
Sep-30 18:53:32.116 [main] DEBUG n.script.dsl.ProcessConfigBuilder - Config settings `withLabel:process_low` matches labels `process_low` for process with name NFCORE_RNASEQ:PREPARE_GENOME_REFERENCES:EAUTILS_GTF2BED
Sep-30 18:53:32.118 [main] DEBUG n.script.dsl.ProcessConfigBuilder - Config settings `withName:EAUTILS_GTF2BED` matches process NFCORE_RNASEQ:PREPARE_GENOME_REFERENCES:EAUTILS_GTF2BED
Sep-30 18:53:32.133 [main] DEBUG nextflow.executor.ExecutorFactory - << taskConfig executor: null
Sep-30 18:53:32.133 [main] DEBUG nextflow.executor.ExecutorFactory - >> processorType: 'local'
Sep-30 18:53:32.134 [main] DEBUG nextflow.processor.TaskProcessor - Creating process 'NFCORE_RNASEQ:PREPARE_GENOME_REFERENCES:EAUTILS_GTF2BED': maxForks=0; fair=false; array=0
Sep-30 18:53:32.147 [main] DEBUG n.script.dsl.ProcessConfigBuilder - Config settings `withLabel:process_high` matches labels `process_high` for process with name NFCORE_RNASEQ:PREPARE_GENOME_REFERENCES:MAKE_TRANSCRIPTS_FASTA
Sep-30 18:53:32.150 [main] DEBUG n.script.dsl.ProcessConfigBuilder - Config settings `withName:GUNZIP_.*|.*MAKE_TRANSCRIPTS_FASTA` matches process NFCORE_RNASEQ:PREPARE_GENOME_REFERENCES:MAKE_TRANSCRIPTS_FASTA
Sep-30 18:53:32.159 [main] DEBUG n.script.dsl.ProcessConfigBuilder - Config settings `withName:GUNZIP_.*|.*MAKE_TRANSCRIPTS_FASTA` matches process NFCORE_RNASEQ:PREPARE_GENOME_REFERENCES:MAKE_TRANSCRIPTS_FASTA
Sep-30 18:53:32.167 [main] DEBUG nextflow.executor.ExecutorFactory - << taskConfig executor: null
Sep-30 18:53:32.167 [main] DEBUG nextflow.executor.ExecutorFactory - >> processorType: 'local'
Sep-30 18:53:32.168 [main] DEBUG nextflow.processor.TaskProcessor - Creating process 'NFCORE_RNASEQ:PREPARE_GENOME_REFERENCES:MAKE_TRANSCRIPTS_FASTA': maxForks=0; fair=false; array=0
Sep-30 18:53:32.183 [main] DEBUG n.script.dsl.ProcessConfigBuilder - Config settings `withLabel:process_single` matches labels `process_single` for process with name NFCORE_RNASEQ:PREPARE_GENOME_REFERENCES:SAMTOOLS_FAIDX
Sep-30 18:53:32.185 [main] DEBUG n.script.dsl.ProcessConfigBuilder - Config settings `withName:SAMTOOLS_FAIDX` matches process NFCORE_RNASEQ:PREPARE_GENOME_REFERENCES:SAMTOOLS_FAIDX
Sep-30 18:53:32.198 [main] DEBUG nextflow.executor.ExecutorFactory - << taskConfig executor: null
Sep-30 18:53:32.198 [main] DEBUG nextflow.executor.ExecutorFactory - >> processorType: 'local'
Sep-30 18:53:32.199 [main] DEBUG nextflow.processor.TaskProcessor - Creating process 'NFCORE_RNASEQ:PREPARE_GENOME_REFERENCES:SAMTOOLS_FAIDX': maxForks=0; fair=false; array=0
Sep-30 18:53:32.279 [main] DEBUG n.script.dsl.ProcessConfigBuilder - Config settings `withLabel:process_medium` matches labels `process_medium` for process with name NFCORE_RNASEQ:PREPARE_GENOME_INDICES:HISAT2_EXTRACTSPLICESITES
Sep-30 18:53:32.282 [main] DEBUG n.script.dsl.ProcessConfigBuilder - Config settings `withName:HISAT2_EXTRACTSPLICESITES` matches process NFCORE_RNASEQ:PREPARE_GENOME_INDICES:HISAT2_EXTRACTSPLICESITES
Sep-30 18:53:32.289 [main] DEBUG nextflow.executor.ExecutorFactory - << taskConfig executor: null
Sep-30 18:53:32.290 [main] DEBUG nextflow.executor.ExecutorFactory - >> processorType: 'local'
Sep-30 18:53:32.291 [main] DEBUG nextflow.processor.TaskProcessor - Creating process 'NFCORE_RNASEQ:PREPARE_GENOME_INDICES:HISAT2_EXTRACTSPLICESITES': maxForks=0; fair=false; array=0
Sep-30 18:53:32.311 [main] DEBUG n.script.dsl.ProcessConfigBuilder - Config settings `withLabel:process_high` matches labels `process_high` for process with name NFCORE_RNASEQ:PREPARE_GENOME_INDICES:HISAT2_BUILD
Sep-30 18:53:32.314 [main] DEBUG n.script.dsl.ProcessConfigBuilder - Config settings `withName:UNTAR_.*|STAR_GENOMEGENERATE|PARABRICKS_STARGENOMEGENERATE|HISAT2_BUILD` matches process NFCORE_RNASEQ:PREPARE_GENOME_INDICES:HISAT2_BUILD
Sep-30 18:53:32.314 [main] DEBUG n.script.dsl.ProcessConfigBuilder - Config settings `withName:HISAT2_BUILD` matches process NFCORE_RNASEQ:PREPARE_GENOME_INDICES:HISAT2_BUILD
Sep-30 18:53:32.321 [main] DEBUG nextflow.executor.ExecutorFactory - << taskConfig executor: null
Sep-30 18:53:32.322 [main] DEBUG nextflow.executor.ExecutorFactory - >> processorType: 'local'
Sep-30 18:53:32.323 [main] DEBUG nextflow.processor.TaskProcessor - Creating process 'NFCORE_RNASEQ:PREPARE_GENOME_INDICES:HISAT2_BUILD': maxForks=0; fair=false; array=0
Sep-30 18:53:40.644 [main] WARN  nextflow.extension.OperatorImpl - The operator `first` is useless when applied to a value channel which returns a single value by definition
Sep-30 18:53:40.942 [main] DEBUG n.script.dsl.ProcessConfigBuilder - Config settings `withLabel:process_low` matches labels `process_low` for process with name NFCORE_RNASEQ:RNASEQ:SAMTOOLS_INDEX
Sep-30 18:53:40.949 [main] DEBUG nextflow.executor.ExecutorFactory - << taskConfig executor: null
Sep-30 18:53:40.950 [main] DEBUG nextflow.executor.ExecutorFactory - >> processorType: 'local'
Sep-30 18:53:40.951 [main] DEBUG nextflow.processor.TaskProcessor - Creating process 'NFCORE_RNASEQ:RNASEQ:SAMTOOLS_INDEX': maxForks=0; fair=false; array=0
Sep-30 18:53:41.004 [main] DEBUG n.script.dsl.ProcessConfigBuilder - Config settings `withLabel:process_single` matches labels `process_single` for process with name NFCORE_RNASEQ:RNASEQ:FASTQ_QC_TRIM_FILTER_SETSTRANDEDNESS:CAT_FASTQ
Sep-30 18:53:41.005 [main] DEBUG n.script.dsl.ProcessConfigBuilder - Config settings `withName:CAT_FASTQ` matches process NFCORE_RNASEQ:RNASEQ:FASTQ_QC_TRIM_FILTER_SETSTRANDEDNESS:CAT_FASTQ
Sep-30 18:53:41.011 [main] DEBUG nextflow.executor.ExecutorFactory - << taskConfig executor: null
Sep-30 18:53:41.012 [main] DEBUG nextflow.executor.ExecutorFactory - >> processorType: 'local'
Sep-30 18:53:41.012 [main] DEBUG nextflow.processor.TaskProcessor - Creating process 'NFCORE_RNASEQ:RNASEQ:FASTQ_QC_TRIM_FILTER_SETSTRANDEDNESS:CAT_FASTQ': maxForks=0; fair=false; array=0
Sep-30 18:53:41.031 [main] DEBUG n.script.dsl.ProcessConfigBuilder - Config settings `withLabel:process_low` matches labels `process_low` for process with name NFCORE_RNASEQ:RNASEQ:FASTQ_QC_TRIM_FILTER_SETSTRANDEDNESS:FQ_LINT
Sep-30 18:53:41.033 [main] DEBUG n.script.dsl.ProcessConfigBuilder - Config settings `withName:FQ_LINT` matches process NFCORE_RNASEQ:RNASEQ:FASTQ_QC_TRIM_FILTER_SETSTRANDEDNESS:FQ_LINT
Sep-30 18:53:41.040 [main] DEBUG nextflow.executor.ExecutorFactory - << taskConfig executor: null
Sep-30 18:53:41.040 [main] DEBUG nextflow.executor.ExecutorFactory - >> processorType: 'local'
Sep-30 18:53:41.042 [main] DEBUG nextflow.processor.TaskProcessor - Creating process 'NFCORE_RNASEQ:RNASEQ:FASTQ_QC_TRIM_FILTER_SETSTRANDEDNESS:FQ_LINT': maxForks=0; fair=false; array=0
Sep-30 18:53:41.072 [main] DEBUG n.script.dsl.ProcessConfigBuilder - Config settings `withLabel:process_low` matches labels `process_low` for process with name NFCORE_RNASEQ:RNASEQ:FASTQ_QC_TRIM_FILTER_SETSTRANDEDNESS:FASTQ_FASTQC_UMITOOLS_TRIMGALORE:FASTQC
Sep-30 18:53:41.074 [main] DEBUG n.script.dsl.ProcessConfigBuilder - Config settings `withName:.*:FASTQ_FASTQC_UMITOOLS_TRIMGALORE:FASTQC` matches process NFCORE_RNASEQ:RNASEQ:FASTQ_QC_TRIM_FILTER_SETSTRANDEDNESS:FASTQ_FASTQC_UMITOOLS_TRIMGALORE:FASTQC
Sep-30 18:53:41.080 [main] DEBUG nextflow.executor.ExecutorFactory - << taskConfig executor: null
Sep-30 18:53:41.080 [main] DEBUG nextflow.executor.ExecutorFactory - >> processorType: 'local'
Sep-30 18:53:41.081 [main] DEBUG nextflow.processor.TaskProcessor - Creating process 'NFCORE_RNASEQ:RNASEQ:FASTQ_QC_TRIM_FILTER_SETSTRANDEDNESS:FASTQ_FASTQC_UMITOOLS_TRIMGALORE:FASTQC': maxForks=0; fair=false; array=0
Sep-30 18:53:41.096 [main] DEBUG n.script.dsl.ProcessConfigBuilder - Config settings `withLabel:process_medium` matches labels `process_medium` for process with name NFCORE_RNASEQ:RNASEQ:FASTQ_QC_TRIM_FILTER_SETSTRANDEDNESS:FASTQ_FASTQC_UMITOOLS_TRIMGALORE:TRIMGALORE
Sep-30 18:53:41.104 [main] DEBUG n.script.dsl.ProcessConfigBuilder - Config settings `withName:.*:FASTQ_FASTQC_UMITOOLS_TRIMGALORE:TRIMGALORE` matches process NFCORE_RNASEQ:RNASEQ:FASTQ_QC_TRIM_FILTER_SETSTRANDEDNESS:FASTQ_FASTQC_UMITOOLS_TRIMGALORE:TRIMGALORE
Sep-30 18:53:41.115 [main] DEBUG nextflow.executor.ExecutorFactory - << taskConfig executor: null
Sep-30 18:53:41.116 [main] DEBUG nextflow.executor.ExecutorFactory - >> processorType: 'local'
Sep-30 18:53:41.117 [main] DEBUG nextflow.processor.TaskProcessor - Creating process 'NFCORE_RNASEQ:RNASEQ:FASTQ_QC_TRIM_FILTER_SETSTRANDEDNESS:FASTQ_FASTQC_UMITOOLS_TRIMGALORE:TRIMGALORE': maxForks=0; fair=false; array=0
Sep-30 18:53:41.226 [main] DEBUG n.script.dsl.ProcessConfigBuilder - Config settings `withLabel:process_low` matches labels `process_low` for process with name NFCORE_RNASEQ:RNASEQ:FASTQ_QC_TRIM_FILTER_SETSTRANDEDNESS:FQ_LINT_AFTER_TRIMMING
Sep-30 18:53:41.227 [main] DEBUG n.script.dsl.ProcessConfigBuilder - Config settings `withName:FQ_LINT` matches process NFCORE_RNASEQ:RNASEQ:FASTQ_QC_TRIM_FILTER_SETSTRANDEDNESS:FQ_LINT_AFTER_TRIMMING
Sep-30 18:53:41.230 [main] DEBUG n.script.dsl.ProcessConfigBuilder - Config settings `withName:FQ_LINT_AFTER_TRIMMING` matches process NFCORE_RNASEQ:RNASEQ:FASTQ_QC_TRIM_FILTER_SETSTRANDEDNESS:FQ_LINT_AFTER_TRIMMING
Sep-30 18:53:41.241 [main] DEBUG nextflow.executor.ExecutorFactory - << taskConfig executor: null
Sep-30 18:53:41.241 [main] DEBUG nextflow.executor.ExecutorFactory - >> processorType: 'local'
Sep-30 18:53:41.242 [main] DEBUG nextflow.processor.TaskProcessor - Creating process 'NFCORE_RNASEQ:RNASEQ:FASTQ_QC_TRIM_FILTER_SETSTRANDEDNESS:FQ_LINT_AFTER_TRIMMING': maxForks=0; fair=false; array=0
Sep-30 18:53:41.285 [main] DEBUG n.script.dsl.ProcessConfigBuilder - Config settings `withLabel:process_medium` matches labels `process_medium` for process with name NFCORE_RNASEQ:RNASEQ:FASTQ_QC_TRIM_FILTER_SETSTRANDEDNESS:FASTQ_SUBSAMPLE_FQ_SALMON:SALMON_INDEX
Sep-30 18:53:41.286 [main] DEBUG n.script.dsl.ProcessConfigBuilder - Config settings `withName:SALMON_INDEX` matches process NFCORE_RNASEQ:RNASEQ:FASTQ_QC_TRIM_FILTER_SETSTRANDEDNESS:FASTQ_SUBSAMPLE_FQ_SALMON:SALMON_INDEX
Sep-30 18:53:41.293 [main] DEBUG nextflow.executor.ExecutorFactory - << taskConfig executor: null
Sep-30 18:53:41.294 [main] DEBUG nextflow.executor.ExecutorFactory - >> processorType: 'local'
Sep-30 18:53:41.294 [main] DEBUG nextflow.processor.TaskProcessor - Creating process 'NFCORE_RNASEQ:RNASEQ:FASTQ_QC_TRIM_FILTER_SETSTRANDEDNESS:FASTQ_SUBSAMPLE_FQ_SALMON:SALMON_INDEX': maxForks=0; fair=false; array=0
Sep-30 18:53:41.297 [main] DEBUG n.script.dsl.ProcessConfigBuilder - Config settings `withLabel:process_single` matches labels `process_single` for process with name NFCORE_RNASEQ:RNASEQ:FASTQ_QC_TRIM_FILTER_SETSTRANDEDNESS:FASTQ_SUBSAMPLE_FQ_SALMON:FQ_SUBSAMPLE
Sep-30 18:53:41.302 [main] DEBUG n.script.dsl.ProcessConfigBuilder - Config settings `withName:.*:FASTQ_SUBSAMPLE_FQ_SALMON:FQ_SUBSAMPLE` matches process NFCORE_RNASEQ:RNASEQ:FASTQ_QC_TRIM_FILTER_SETSTRANDEDNESS:FASTQ_SUBSAMPLE_FQ_SALMON:FQ_SUBSAMPLE
Sep-30 18:53:41.309 [main] DEBUG nextflow.executor.ExecutorFactory - << taskConfig executor: null
Sep-30 18:53:41.309 [main] DEBUG nextflow.executor.ExecutorFactory - >> processorType: 'local'
Sep-30 18:53:41.310 [main] DEBUG nextflow.processor.TaskProcessor - Creating process 'NFCORE_RNASEQ:RNASEQ:FASTQ_QC_TRIM_FILTER_SETSTRANDEDNESS:FASTQ_SUBSAMPLE_FQ_SALMON:FQ_SUBSAMPLE': maxForks=0; fair=false; array=0
Sep-30 18:53:41.323 [main] DEBUG n.script.dsl.ProcessConfigBuilder - Config settings `withLabel:process_medium` matches labels `process_medium` for process with name NFCORE_RNASEQ:RNASEQ:FASTQ_QC_TRIM_FILTER_SETSTRANDEDNESS:FASTQ_SUBSAMPLE_FQ_SALMON:SALMON_QUANT
Sep-30 18:53:41.326 [main] DEBUG n.script.dsl.ProcessConfigBuilder - Config settings `withName:.*:FASTQ_SUBSAMPLE_FQ_SALMON:SALMON_QUANT` matches process NFCORE_RNASEQ:RNASEQ:FASTQ_QC_TRIM_FILTER_SETSTRANDEDNESS:FASTQ_SUBSAMPLE_FQ_SALMON:SALMON_QUANT
Sep-30 18:53:41.331 [main] DEBUG nextflow.executor.ExecutorFactory - << taskConfig executor: null
Sep-30 18:53:41.331 [main] DEBUG nextflow.executor.ExecutorFactory - >> processorType: 'local'
Sep-30 18:53:41.332 [main] DEBUG nextflow.processor.TaskProcessor - Creating process 'NFCORE_RNASEQ:RNASEQ:FASTQ_QC_TRIM_FILTER_SETSTRANDEDNESS:FASTQ_SUBSAMPLE_FQ_SALMON:SALMON_QUANT': maxForks=0; fair=false; array=0
Sep-30 18:53:41.441 [main] DEBUG n.script.dsl.ProcessConfigBuilder - Config settings `withLabel:process_high` matches labels `process_high` for process with name NFCORE_RNASEQ:RNASEQ:FASTQ_ALIGN_HISAT2:HISAT2_ALIGN
Sep-30 18:53:41.445 [main] DEBUG n.script.dsl.ProcessConfigBuilder - Config settings `withName:.*:FASTQ_ALIGN_HISAT2:HISAT2_ALIGN` matches process NFCORE_RNASEQ:RNASEQ:FASTQ_ALIGN_HISAT2:HISAT2_ALIGN
Sep-30 18:53:41.448 [main] DEBUG nextflow.executor.ExecutorFactory - << taskConfig executor: null
Sep-30 18:53:41.449 [main] DEBUG nextflow.executor.ExecutorFactory - >> processorType: 'local'
Sep-30 18:53:41.450 [main] DEBUG nextflow.processor.TaskProcessor - Creating process 'NFCORE_RNASEQ:RNASEQ:FASTQ_ALIGN_HISAT2:HISAT2_ALIGN': maxForks=0; fair=false; array=0
Sep-30 18:53:41.465 [main] DEBUG n.script.dsl.ProcessConfigBuilder - Config settings `withLabel:process_medium` matches labels `process_medium` for process with name NFCORE_RNASEQ:RNASEQ:FASTQ_ALIGN_HISAT2:BAM_SORT_STATS_SAMTOOLS:SAMTOOLS_SORT
Sep-30 18:53:41.469 [main] DEBUG n.script.dsl.ProcessConfigBuilder - Config settings `withName:NFCORE_RNASEQ:RNASEQ:.*:BAM_SORT_STATS_SAMTOOLS:SAMTOOLS_SORT` matches process NFCORE_RNASEQ:RNASEQ:FASTQ_ALIGN_HISAT2:BAM_SORT_STATS_SAMTOOLS:SAMTOOLS_SORT
Sep-30 18:53:41.469 [main] DEBUG n.script.dsl.ProcessConfigBuilder - Config settings `withName:NFCORE_RNASEQ:RNASEQ:.*:BAM_SORT_STATS_SAMTOOLS:(SAMTOOLS_SORT|SAMTOOLS_INDEX)` matches process NFCORE_RNASEQ:RNASEQ:FASTQ_ALIGN_HISAT2:BAM_SORT_STATS_SAMTOOLS:SAMTOOLS_SORT
Sep-30 18:53:41.479 [main] DEBUG nextflow.executor.ExecutorFactory - << taskConfig executor: null
Sep-30 18:53:41.479 [main] DEBUG nextflow.executor.ExecutorFactory - >> processorType: 'local'
Sep-30 18:53:41.480 [main] DEBUG nextflow.processor.TaskProcessor - Creating process 'NFCORE_RNASEQ:RNASEQ:FASTQ_ALIGN_HISAT2:BAM_SORT_STATS_SAMTOOLS:SAMTOOLS_SORT': maxForks=0; fair=false; array=0
Sep-30 18:53:41.488 [main] DEBUG n.script.dsl.ProcessConfigBuilder - Config settings `withLabel:process_low` matches labels `process_low` for process with name NFCORE_RNASEQ:RNASEQ:FASTQ_ALIGN_HISAT2:BAM_SORT_STATS_SAMTOOLS:SAMTOOLS_INDEX
Sep-30 18:53:41.493 [main] DEBUG n.script.dsl.ProcessConfigBuilder - Config settings `withName:NFCORE_RNASEQ:RNASEQ:.*:BAM_SORT_STATS_SAMTOOLS:SAMTOOLS_INDEX` matches process NFCORE_RNASEQ:RNASEQ:FASTQ_ALIGN_HISAT2:BAM_SORT_STATS_SAMTOOLS:SAMTOOLS_INDEX
Sep-30 18:53:41.494 [main] DEBUG n.script.dsl.ProcessConfigBuilder - Config settings `withName:NFCORE_RNASEQ:RNASEQ:.*:BAM_SORT_STATS_SAMTOOLS:(SAMTOOLS_SORT|SAMTOOLS_INDEX)` matches process NFCORE_RNASEQ:RNASEQ:FASTQ_ALIGN_HISAT2:BAM_SORT_STATS_SAMTOOLS:SAMTOOLS_INDEX
Sep-30 18:53:41.503 [main] DEBUG nextflow.executor.ExecutorFactory - << taskConfig executor: null
Sep-30 18:53:41.503 [main] DEBUG nextflow.executor.ExecutorFactory - >> processorType: 'local'
Sep-30 18:53:41.504 [main] DEBUG nextflow.processor.TaskProcessor - Creating process 'NFCORE_RNASEQ:RNASEQ:FASTQ_ALIGN_HISAT2:BAM_SORT_STATS_SAMTOOLS:SAMTOOLS_INDEX': maxForks=0; fair=false; array=0
Sep-30 18:53:41.514 [main] DEBUG n.script.dsl.ProcessConfigBuilder - Config settings `withLabel:process_single` matches labels `process_single` for process with name NFCORE_RNASEQ:RNASEQ:FASTQ_ALIGN_HISAT2:BAM_SORT_STATS_SAMTOOLS:BAM_STATS_SAMTOOLS:SAMTOOLS_STATS
Sep-30 18:53:41.519 [main] DEBUG n.script.dsl.ProcessConfigBuilder - Config settings `withName:NFCORE_RNASEQ:RNASEQ:.*:BAM_SORT_STATS_SAMTOOLS:BAM_STATS_SAMTOOLS:.*` matches process NFCORE_RNASEQ:RNASEQ:FASTQ_ALIGN_HISAT2:BAM_SORT_STATS_SAMTOOLS:BAM_STATS_SAMTOOLS:SAMTOOLS_STATS
Sep-30 18:53:41.523 [main] DEBUG nextflow.executor.ExecutorFactory - << taskConfig executor: null
Sep-30 18:53:41.523 [main] DEBUG nextflow.executor.ExecutorFactory - >> processorType: 'local'
Sep-30 18:53:41.524 [main] DEBUG nextflow.processor.TaskProcessor - Creating process 'NFCORE_RNASEQ:RNASEQ:FASTQ_ALIGN_HISAT2:BAM_SORT_STATS_SAMTOOLS:BAM_STATS_SAMTOOLS:SAMTOOLS_STATS': maxForks=0; fair=false; array=0
Sep-30 18:53:41.533 [main] DEBUG n.script.dsl.ProcessConfigBuilder - Config settings `withLabel:process_single` matches labels `process_single` for process with name NFCORE_RNASEQ:RNASEQ:FASTQ_ALIGN_HISAT2:BAM_SORT_STATS_SAMTOOLS:BAM_STATS_SAMTOOLS:SAMTOOLS_FLAGSTAT
Sep-30 18:53:41.538 [main] DEBUG n.script.dsl.ProcessConfigBuilder - Config settings `withName:NFCORE_RNASEQ:RNASEQ:.*:BAM_SORT_STATS_SAMTOOLS:BAM_STATS_SAMTOOLS:.*` matches process NFCORE_RNASEQ:RNASEQ:FASTQ_ALIGN_HISAT2:BAM_SORT_STATS_SAMTOOLS:BAM_STATS_SAMTOOLS:SAMTOOLS_FLAGSTAT
Sep-30 18:53:41.542 [main] DEBUG nextflow.executor.ExecutorFactory - << taskConfig executor: null
Sep-30 18:53:41.542 [main] DEBUG nextflow.executor.ExecutorFactory - >> processorType: 'local'
Sep-30 18:53:41.543 [main] DEBUG nextflow.processor.TaskProcessor - Creating process 'NFCORE_RNASEQ:RNASEQ:FASTQ_ALIGN_HISAT2:BAM_SORT_STATS_SAMTOOLS:BAM_STATS_SAMTOOLS:SAMTOOLS_FLAGSTAT': maxForks=0; fair=false; array=0
Sep-30 18:53:41.551 [main] DEBUG n.script.dsl.ProcessConfigBuilder - Config settings `withLabel:process_single` matches labels `process_single` for process with name NFCORE_RNASEQ:RNASEQ:FASTQ_ALIGN_HISAT2:BAM_SORT_STATS_SAMTOOLS:BAM_STATS_SAMTOOLS:SAMTOOLS_IDXSTATS
Sep-30 18:53:41.555 [main] DEBUG n.script.dsl.ProcessConfigBuilder - Config settings `withName:NFCORE_RNASEQ:RNASEQ:.*:BAM_SORT_STATS_SAMTOOLS:BAM_STATS_SAMTOOLS:.*` matches process NFCORE_RNASEQ:RNASEQ:FASTQ_ALIGN_HISAT2:BAM_SORT_STATS_SAMTOOLS:BAM_STATS_SAMTOOLS:SAMTOOLS_IDXSTATS
Sep-30 18:53:41.558 [main] DEBUG nextflow.executor.ExecutorFactory - << taskConfig executor: null
Sep-30 18:53:41.559 [main] DEBUG nextflow.executor.ExecutorFactory - >> processorType: 'local'
Sep-30 18:53:41.560 [main] DEBUG nextflow.processor.TaskProcessor - Creating process 'NFCORE_RNASEQ:RNASEQ:FASTQ_ALIGN_HISAT2:BAM_SORT_STATS_SAMTOOLS:BAM_STATS_SAMTOOLS:SAMTOOLS_IDXSTATS': maxForks=0; fair=false; array=0
Sep-30 18:53:41.605 [main] DEBUG n.script.dsl.ProcessConfigBuilder - Config settings `withLabel:process_medium` matches labels `process_medium` for process with name NFCORE_RNASEQ:RNASEQ:BAM_MARKDUPLICATES_PICARD:PICARD_MARKDUPLICATES
Sep-30 18:53:41.607 [main] DEBUG n.script.dsl.ProcessConfigBuilder - Config settings `withName:.*:BAM_MARKDUPLICATES_PICARD:PICARD_MARKDUPLICATES` matches process NFCORE_RNASEQ:RNASEQ:BAM_MARKDUPLICATES_PICARD:PICARD_MARKDUPLICATES
Sep-30 18:53:41.611 [main] DEBUG nextflow.executor.ExecutorFactory - << taskConfig executor: null
Sep-30 18:53:41.611 [main] DEBUG nextflow.executor.ExecutorFactory - >> processorType: 'local'
Sep-30 18:53:41.612 [main] DEBUG nextflow.processor.TaskProcessor - Creating process 'NFCORE_RNASEQ:RNASEQ:BAM_MARKDUPLICATES_PICARD:PICARD_MARKDUPLICATES': maxForks=0; fair=false; array=0
Sep-30 18:53:41.624 [main] DEBUG n.script.dsl.ProcessConfigBuilder - Config settings `withLabel:process_low` matches labels `process_low` for process with name NFCORE_RNASEQ:RNASEQ:BAM_MARKDUPLICATES_PICARD:SAMTOOLS_INDEX
Sep-30 18:53:41.625 [main] DEBUG n.script.dsl.ProcessConfigBuilder - Config settings `withName:.*:BAM_MARKDUPLICATES_PICARD:SAMTOOLS_INDEX` matches process NFCORE_RNASEQ:RNASEQ:BAM_MARKDUPLICATES_PICARD:SAMTOOLS_INDEX
Sep-30 18:53:41.629 [main] DEBUG nextflow.executor.ExecutorFactory - << taskConfig executor: null
Sep-30 18:53:41.629 [main] DEBUG nextflow.executor.ExecutorFactory - >> processorType: 'local'
Sep-30 18:53:41.630 [main] DEBUG nextflow.processor.TaskProcessor - Creating process 'NFCORE_RNASEQ:RNASEQ:BAM_MARKDUPLICATES_PICARD:SAMTOOLS_INDEX': maxForks=0; fair=false; array=0
Sep-30 18:53:41.639 [main] DEBUG n.script.dsl.ProcessConfigBuilder - Config settings `withLabel:process_single` matches labels `process_single` for process with name NFCORE_RNASEQ:RNASEQ:BAM_MARKDUPLICATES_PICARD:BAM_STATS_SAMTOOLS:SAMTOOLS_STATS
Sep-30 18:53:41.640 [main] DEBUG n.script.dsl.ProcessConfigBuilder - Config settings `withName:.*:BAM_MARKDUPLICATES_PICARD:BAM_STATS_SAMTOOLS:.*` matches process NFCORE_RNASEQ:RNASEQ:BAM_MARKDUPLICATES_PICARD:BAM_STATS_SAMTOOLS:SAMTOOLS_STATS
Sep-30 18:53:41.645 [main] DEBUG nextflow.executor.ExecutorFactory - << taskConfig executor: null
Sep-30 18:53:41.645 [main] DEBUG nextflow.executor.ExecutorFactory - >> processorType: 'local'
Sep-30 18:53:41.646 [main] DEBUG nextflow.processor.TaskProcessor - Creating process 'NFCORE_RNASEQ:RNASEQ:BAM_MARKDUPLICATES_PICARD:BAM_STATS_SAMTOOLS:SAMTOOLS_STATS': maxForks=0; fair=false; array=0
Sep-30 18:53:41.656 [main] DEBUG n.script.dsl.ProcessConfigBuilder - Config settings `withLabel:process_single` matches labels `process_single` for process with name NFCORE_RNASEQ:RNASEQ:BAM_MARKDUPLICATES_PICARD:BAM_STATS_SAMTOOLS:SAMTOOLS_FLAGSTAT
Sep-30 18:53:41.659 [main] DEBUG n.script.dsl.ProcessConfigBuilder - Config settings `withName:.*:BAM_MARKDUPLICATES_PICARD:BAM_STATS_SAMTOOLS:.*` matches process NFCORE_RNASEQ:RNASEQ:BAM_MARKDUPLICATES_PICARD:BAM_STATS_SAMTOOLS:SAMTOOLS_FLAGSTAT
Sep-30 18:53:41.663 [main] DEBUG nextflow.executor.ExecutorFactory - << taskConfig executor: null
Sep-30 18:53:41.664 [main] DEBUG nextflow.executor.ExecutorFactory - >> processorType: 'local'
Sep-30 18:53:41.669 [main] DEBUG nextflow.processor.TaskProcessor - Creating process 'NFCORE_RNASEQ:RNASEQ:BAM_MARKDUPLICATES_PICARD:BAM_STATS_SAMTOOLS:SAMTOOLS_FLAGSTAT': maxForks=0; fair=false; array=0
Sep-30 18:53:41.676 [main] DEBUG n.script.dsl.ProcessConfigBuilder - Config settings `withLabel:process_single` matches labels `process_single` for process with name NFCORE_RNASEQ:RNASEQ:BAM_MARKDUPLICATES_PICARD:BAM_STATS_SAMTOOLS:SAMTOOLS_IDXSTATS
Sep-30 18:53:41.678 [main] DEBUG n.script.dsl.ProcessConfigBuilder - Config settings `withName:.*:BAM_MARKDUPLICATES_PICARD:BAM_STATS_SAMTOOLS:.*` matches process NFCORE_RNASEQ:RNASEQ:BAM_MARKDUPLICATES_PICARD:BAM_STATS_SAMTOOLS:SAMTOOLS_IDXSTATS
Sep-30 18:53:41.684 [main] DEBUG nextflow.executor.ExecutorFactory - << taskConfig executor: null
Sep-30 18:53:41.685 [main] DEBUG nextflow.executor.ExecutorFactory - >> processorType: 'local'
Sep-30 18:53:41.686 [main] DEBUG nextflow.processor.TaskProcessor - Creating process 'NFCORE_RNASEQ:RNASEQ:BAM_MARKDUPLICATES_PICARD:BAM_STATS_SAMTOOLS:SAMTOOLS_IDXSTATS': maxForks=0; fair=false; array=0
Sep-30 18:53:41.722 [main] DEBUG n.script.dsl.ProcessConfigBuilder - Config settings `withLabel:process_medium` matches labels `process_medium` for process with name NFCORE_RNASEQ:RNASEQ:STRINGTIE_STRINGTIE
Sep-30 18:53:41.724 [main] DEBUG n.script.dsl.ProcessConfigBuilder - Config settings `withName:STRINGTIE_STRINGTIE` matches process NFCORE_RNASEQ:RNASEQ:STRINGTIE_STRINGTIE
Sep-30 18:53:41.729 [main] DEBUG nextflow.executor.ExecutorFactory - << taskConfig executor: null
Sep-30 18:53:41.729 [main] DEBUG nextflow.executor.ExecutorFactory - >> processorType: 'local'
Sep-30 18:53:41.730 [main] DEBUG nextflow.processor.TaskProcessor - Creating process 'NFCORE_RNASEQ:RNASEQ:STRINGTIE_STRINGTIE': maxForks=0; fair=false; array=0
Sep-30 18:53:41.759 [main] DEBUG n.script.dsl.ProcessConfigBuilder - Config settings `withLabel:process_single` matches labels `process_single,error_retry` for process with name NFCORE_RNASEQ:RNASEQ:BAM_QC_RNASEQ:PRESEQ_LCEXTRAP
Sep-30 18:53:41.760 [main] DEBUG n.script.dsl.ProcessConfigBuilder - Config settings `withLabel:error_retry` matches labels `process_single,error_retry` for process with name NFCORE_RNASEQ:RNASEQ:BAM_QC_RNASEQ:PRESEQ_LCEXTRAP
Sep-30 18:53:41.761 [main] DEBUG n.script.dsl.ProcessConfigBuilder - Config settings `withName:PRESEQ_LCEXTRAP` matches process NFCORE_RNASEQ:RNASEQ:BAM_QC_RNASEQ:PRESEQ_LCEXTRAP
Sep-30 18:53:41.770 [main] DEBUG nextflow.executor.ExecutorFactory - << taskConfig executor: null
Sep-30 18:53:41.770 [main] DEBUG nextflow.executor.ExecutorFactory - >> processorType: 'local'
Sep-30 18:53:41.771 [main] DEBUG nextflow.processor.TaskProcessor - Creating process 'NFCORE_RNASEQ:RNASEQ:BAM_QC_RNASEQ:PRESEQ_LCEXTRAP': maxForks=0; fair=false; array=0
Sep-30 18:53:41.792 [main] DEBUG n.script.dsl.ProcessConfigBuilder - Config settings `withLabel:process_medium` matches labels `process_medium` for process with name NFCORE_RNASEQ:RNASEQ:BAM_QC_RNASEQ:SUBREAD_FEATURECOUNTS
Sep-30 18:53:41.794 [main] DEBUG n.script.dsl.ProcessConfigBuilder - Config settings `withName:SUBREAD_FEATURECOUNTS` matches process NFCORE_RNASEQ:RNASEQ:BAM_QC_RNASEQ:SUBREAD_FEATURECOUNTS
Sep-30 18:53:41.798 [main] DEBUG nextflow.executor.ExecutorFactory - << taskConfig executor: null
Sep-30 18:53:41.799 [main] DEBUG nextflow.executor.ExecutorFactory - >> processorType: 'local'
Sep-30 18:53:41.800 [main] DEBUG nextflow.processor.TaskProcessor - Creating process 'NFCORE_RNASEQ:RNASEQ:BAM_QC_RNASEQ:SUBREAD_FEATURECOUNTS': maxForks=0; fair=false; array=0
Sep-30 18:53:41.804 [main] DEBUG n.script.dsl.ProcessConfigBuilder - Config settings `withLabel:process_single` matches labels `process_single` for process with name NFCORE_RNASEQ:RNASEQ:BAM_QC_RNASEQ:CUSTOM_MULTIQCCUSTOMBIOTYPE
Sep-30 18:53:41.806 [main] DEBUG n.script.dsl.ProcessConfigBuilder - Config settings `withName:CUSTOM_MULTIQCCUSTOMBIOTYPE` matches process NFCORE_RNASEQ:RNASEQ:BAM_QC_RNASEQ:CUSTOM_MULTIQCCUSTOMBIOTYPE
Sep-30 18:53:41.810 [main] DEBUG nextflow.executor.ExecutorFactory - << taskConfig executor: null
Sep-30 18:53:41.810 [main] DEBUG nextflow.executor.ExecutorFactory - >> processorType: 'local'
Sep-30 18:53:41.812 [main] DEBUG nextflow.processor.TaskProcessor - Creating process 'NFCORE_RNASEQ:RNASEQ:BAM_QC_RNASEQ:CUSTOM_MULTIQCCUSTOMBIOTYPE': maxForks=0; fair=false; array=0
Sep-30 18:53:41.821 [main] DEBUG n.script.dsl.ProcessConfigBuilder - Config settings `withLabel:process_medium` matches labels `process_medium` for process with name NFCORE_RNASEQ:RNASEQ:BAM_QC_RNASEQ:SAMTOOLS_SORT_QUALIMAP
Sep-30 18:53:41.823 [main] DEBUG n.script.dsl.ProcessConfigBuilder - Config settings `withName:SAMTOOLS_SORT_QUALIMAP` matches process NFCORE_RNASEQ:RNASEQ:BAM_QC_RNASEQ:SAMTOOLS_SORT_QUALIMAP
Sep-30 18:53:41.828 [main] DEBUG nextflow.executor.ExecutorFactory - << taskConfig executor: null
Sep-30 18:53:41.828 [main] DEBUG nextflow.executor.ExecutorFactory - >> processorType: 'local'
Sep-30 18:53:41.829 [main] DEBUG nextflow.processor.TaskProcessor - Creating process 'NFCORE_RNASEQ:RNASEQ:BAM_QC_RNASEQ:SAMTOOLS_SORT_QUALIMAP': maxForks=0; fair=false; array=0
Sep-30 18:53:41.846 [main] DEBUG n.script.dsl.ProcessConfigBuilder - Config settings `withLabel:process_medium` matches labels `process_medium` for process with name NFCORE_RNASEQ:RNASEQ:BAM_QC_RNASEQ:QUALIMAP_RNASEQ
Sep-30 18:53:41.847 [main] DEBUG n.script.dsl.ProcessConfigBuilder - Config settings `withName:QUALIMAP_RNASEQ` matches process NFCORE_RNASEQ:RNASEQ:BAM_QC_RNASEQ:QUALIMAP_RNASEQ
Sep-30 18:53:41.855 [main] DEBUG nextflow.executor.ExecutorFactory - << taskConfig executor: null
Sep-30 18:53:41.856 [main] DEBUG nextflow.executor.ExecutorFactory - >> processorType: 'local'
Sep-30 18:53:41.856 [main] DEBUG nextflow.processor.TaskProcessor - Creating process 'NFCORE_RNASEQ:RNASEQ:BAM_QC_RNASEQ:QUALIMAP_RNASEQ': maxForks=0; fair=false; array=0
Sep-30 18:53:41.869 [main] DEBUG n.script.dsl.ProcessConfigBuilder - Config settings `withLabel:process_long` matches labels `process_long` for process with name NFCORE_RNASEQ:RNASEQ:BAM_QC_RNASEQ:DUPRADAR
Sep-30 18:53:41.870 [main] DEBUG n.script.dsl.ProcessConfigBuilder - Config settings `withName:DUPRADAR` matches process NFCORE_RNASEQ:RNASEQ:BAM_QC_RNASEQ:DUPRADAR
Sep-30 18:53:41.874 [main] DEBUG nextflow.executor.ExecutorFactory - << taskConfig executor: null
Sep-30 18:53:41.874 [main] DEBUG nextflow.executor.ExecutorFactory - >> processorType: 'local'
Sep-30 18:53:41.875 [main] DEBUG nextflow.processor.TaskProcessor - Creating process 'NFCORE_RNASEQ:RNASEQ:BAM_QC_RNASEQ:DUPRADAR': maxForks=0; fair=false; array=0
Sep-30 18:53:41.897 [main] DEBUG n.script.dsl.ProcessConfigBuilder - Config settings `withLabel:process_medium` matches labels `process_medium` for process with name NFCORE_RNASEQ:RNASEQ:BAM_QC_RNASEQ:BAM_RSEQC:RSEQC_BAMSTAT
Sep-30 18:53:41.899 [main] DEBUG n.script.dsl.ProcessConfigBuilder - Config settings `withName:.*:BAM_RSEQC:RSEQC_BAMSTAT` matches process NFCORE_RNASEQ:RNASEQ:BAM_QC_RNASEQ:BAM_RSEQC:RSEQC_BAMSTAT
Sep-30 18:53:41.903 [main] DEBUG nextflow.executor.ExecutorFactory - << taskConfig executor: null
Sep-30 18:53:41.903 [main] DEBUG nextflow.executor.ExecutorFactory - >> processorType: 'local'
Sep-30 18:53:41.904 [main] DEBUG nextflow.processor.TaskProcessor - Creating process 'NFCORE_RNASEQ:RNASEQ:BAM_QC_RNASEQ:BAM_RSEQC:RSEQC_BAMSTAT': maxForks=0; fair=false; array=0
Sep-30 18:53:41.918 [main] DEBUG n.script.dsl.ProcessConfigBuilder - Config settings `withLabel:process_medium` matches labels `process_medium` for process with name NFCORE_RNASEQ:RNASEQ:BAM_QC_RNASEQ:BAM_RSEQC:RSEQC_INNERDISTANCE
Sep-30 18:53:41.920 [main] DEBUG n.script.dsl.ProcessConfigBuilder - Config settings `withName:.*:BAM_RSEQC:RSEQC_INNERDISTANCE` matches process NFCORE_RNASEQ:RNASEQ:BAM_QC_RNASEQ:BAM_RSEQC:RSEQC_INNERDISTANCE
Sep-30 18:53:41.923 [main] DEBUG nextflow.executor.ExecutorFactory - << taskConfig executor: null
Sep-30 18:53:41.924 [main] DEBUG nextflow.executor.ExecutorFactory - >> processorType: 'local'
Sep-30 18:53:41.924 [main] DEBUG nextflow.processor.TaskProcessor - Creating process 'NFCORE_RNASEQ:RNASEQ:BAM_QC_RNASEQ:BAM_RSEQC:RSEQC_INNERDISTANCE': maxForks=0; fair=false; array=0
Sep-30 18:53:41.957 [main] DEBUG n.script.dsl.ProcessConfigBuilder - Config settings `withLabel:process_medium` matches labels `process_medium` for process with name NFCORE_RNASEQ:RNASEQ:BAM_QC_RNASEQ:BAM_RSEQC:RSEQC_INFEREXPERIMENT
Sep-30 18:53:41.959 [main] DEBUG n.script.dsl.ProcessConfigBuilder - Config settings `withName:.*:BAM_RSEQC:RSEQC_INFEREXPERIMENT` matches process NFCORE_RNASEQ:RNASEQ:BAM_QC_RNASEQ:BAM_RSEQC:RSEQC_INFEREXPERIMENT
Sep-30 18:53:41.963 [main] DEBUG nextflow.executor.ExecutorFactory - << taskConfig executor: null
Sep-30 18:53:41.964 [main] DEBUG nextflow.executor.ExecutorFactory - >> processorType: 'local'
Sep-30 18:53:41.965 [main] DEBUG nextflow.processor.TaskProcessor - Creating process 'NFCORE_RNASEQ:RNASEQ:BAM_QC_RNASEQ:BAM_RSEQC:RSEQC_INFEREXPERIMENT': maxForks=0; fair=false; array=0
Sep-30 18:53:41.983 [main] DEBUG n.script.dsl.ProcessConfigBuilder - Config settings `withLabel:process_medium` matches labels `process_medium` for process with name NFCORE_RNASEQ:RNASEQ:BAM_QC_RNASEQ:BAM_RSEQC:RSEQC_JUNCTIONANNOTATION
Sep-30 18:53:41.987 [main] DEBUG n.script.dsl.ProcessConfigBuilder - Config settings `withName:.*:BAM_RSEQC:RSEQC_JUNCTIONANNOTATION` matches process NFCORE_RNASEQ:RNASEQ:BAM_QC_RNASEQ:BAM_RSEQC:RSEQC_JUNCTIONANNOTATION
Sep-30 18:53:41.992 [main] DEBUG nextflow.executor.ExecutorFactory - << taskConfig executor: null
Sep-30 18:53:41.992 [main] DEBUG nextflow.executor.ExecutorFactory - >> processorType: 'local'
Sep-30 18:53:41.993 [main] DEBUG nextflow.processor.TaskProcessor - Creating process 'NFCORE_RNASEQ:RNASEQ:BAM_QC_RNASEQ:BAM_RSEQC:RSEQC_JUNCTIONANNOTATION': maxForks=0; fair=false; array=0
Sep-30 18:53:42.020 [main] DEBUG n.script.dsl.ProcessConfigBuilder - Config settings `withLabel:process_medium` matches labels `process_medium` for process with name NFCORE_RNASEQ:RNASEQ:BAM_QC_RNASEQ:BAM_RSEQC:RSEQC_JUNCTIONSATURATION
Sep-30 18:53:42.022 [main] DEBUG n.script.dsl.ProcessConfigBuilder - Config settings `withName:.*:BAM_RSEQC:RSEQC_JUNCTIONSATURATION` matches process NFCORE_RNASEQ:RNASEQ:BAM_QC_RNASEQ:BAM_RSEQC:RSEQC_JUNCTIONSATURATION
Sep-30 18:53:42.026 [main] DEBUG nextflow.executor.ExecutorFactory - << taskConfig executor: null
Sep-30 18:53:42.027 [main] DEBUG nextflow.executor.ExecutorFactory - >> processorType: 'local'
Sep-30 18:53:42.027 [main] DEBUG nextflow.processor.TaskProcessor - Creating process 'NFCORE_RNASEQ:RNASEQ:BAM_QC_RNASEQ:BAM_RSEQC:RSEQC_JUNCTIONSATURATION': maxForks=0; fair=false; array=0
Sep-30 18:53:42.042 [main] DEBUG n.script.dsl.ProcessConfigBuilder - Config settings `withLabel:process_medium` matches labels `process_medium` for process with name NFCORE_RNASEQ:RNASEQ:BAM_QC_RNASEQ:BAM_RSEQC:RSEQC_READDISTRIBUTION
Sep-30 18:53:42.044 [main] DEBUG n.script.dsl.ProcessConfigBuilder - Config settings `withName:.*:BAM_RSEQC:RSEQC_READDISTRIBUTION` matches process NFCORE_RNASEQ:RNASEQ:BAM_QC_RNASEQ:BAM_RSEQC:RSEQC_READDISTRIBUTION
Sep-30 18:53:42.047 [main] DEBUG nextflow.executor.ExecutorFactory - << taskConfig executor: null
Sep-30 18:53:42.048 [main] DEBUG nextflow.executor.ExecutorFactory - >> processorType: 'local'
Sep-30 18:53:42.048 [main] DEBUG nextflow.processor.TaskProcessor - Creating process 'NFCORE_RNASEQ:RNASEQ:BAM_QC_RNASEQ:BAM_RSEQC:RSEQC_READDISTRIBUTION': maxForks=0; fair=false; array=0
Sep-30 18:53:42.059 [main] DEBUG n.script.dsl.ProcessConfigBuilder - Config settings `withLabel:process_medium` matches labels `process_medium` for process with name NFCORE_RNASEQ:RNASEQ:BAM_QC_RNASEQ:BAM_RSEQC:RSEQC_READDUPLICATION
Sep-30 18:53:42.061 [main] DEBUG n.script.dsl.ProcessConfigBuilder - Config settings `withName:.*:BAM_RSEQC:RSEQC_READDUPLICATION` matches process NFCORE_RNASEQ:RNASEQ:BAM_QC_RNASEQ:BAM_RSEQC:RSEQC_READDUPLICATION
Sep-30 18:53:42.065 [main] DEBUG nextflow.executor.ExecutorFactory - << taskConfig executor: null
Sep-30 18:53:42.065 [main] DEBUG nextflow.executor.ExecutorFactory - >> processorType: 'local'
Sep-30 18:53:42.066 [main] DEBUG nextflow.processor.TaskProcessor - Creating process 'NFCORE_RNASEQ:RNASEQ:BAM_QC_RNASEQ:BAM_RSEQC:RSEQC_READDUPLICATION': maxForks=0; fair=false; array=0
Sep-30 18:53:42.191 [main] DEBUG n.script.dsl.ProcessConfigBuilder - Config settings `withLabel:process_single` matches labels `process_single` for process with name NFCORE_RNASEQ:RNASEQ:BEDTOOLS_GENOMECOV_FW
Sep-30 18:53:42.193 [main] DEBUG n.script.dsl.ProcessConfigBuilder - Config settings `withName:BEDTOOLS_GENOMECOV_FW` matches process NFCORE_RNASEQ:RNASEQ:BEDTOOLS_GENOMECOV_FW
Sep-30 18:53:42.193 [main] DEBUG n.script.dsl.ProcessConfigBuilder - Config settings `withName:(BEDTOOLS_GENOMECOV_(FW|REV|COMBINED)|.*:BEDGRAPH_BEDCLIP_BEDGRAPHTOBIGWIG_(FORWARD|REVERSE|COMBINED):UCSC_BEDCLIP)` matches process NFCORE_RNASEQ:RNASEQ:BEDTOOLS_GENOMECOV_FW
Sep-30 18:53:42.198 [main] DEBUG nextflow.executor.ExecutorFactory - << taskConfig executor: null
Sep-30 18:53:42.198 [main] DEBUG nextflow.executor.ExecutorFactory - >> processorType: 'local'
Sep-30 18:53:42.199 [main] DEBUG nextflow.processor.TaskProcessor - Creating process 'NFCORE_RNASEQ:RNASEQ:BEDTOOLS_GENOMECOV_FW': maxForks=0; fair=false; array=0
Sep-30 18:53:42.209 [main] DEBUG n.script.dsl.ProcessConfigBuilder - Config settings `withLabel:process_single` matches labels `process_single` for process with name NFCORE_RNASEQ:RNASEQ:BEDTOOLS_GENOMECOV_REV
Sep-30 18:53:42.211 [main] DEBUG n.script.dsl.ProcessConfigBuilder - Config settings `withName:BEDTOOLS_GENOMECOV_REV` matches process NFCORE_RNASEQ:RNASEQ:BEDTOOLS_GENOMECOV_REV
Sep-30 18:53:42.212 [main] DEBUG n.script.dsl.ProcessConfigBuilder - Config settings `withName:(BEDTOOLS_GENOMECOV_(FW|REV|COMBINED)|.*:BEDGRAPH_BEDCLIP_BEDGRAPHTOBIGWIG_(FORWARD|REVERSE|COMBINED):UCSC_BEDCLIP)` matches process NFCORE_RNASEQ:RNASEQ:BEDTOOLS_GENOMECOV_REV
Sep-30 18:53:42.217 [main] DEBUG nextflow.executor.ExecutorFactory - << taskConfig executor: null
Sep-30 18:53:42.217 [main] DEBUG nextflow.executor.ExecutorFactory - >> processorType: 'local'
Sep-30 18:53:42.217 [main] DEBUG nextflow.processor.TaskProcessor - Creating process 'NFCORE_RNASEQ:RNASEQ:BEDTOOLS_GENOMECOV_REV': maxForks=0; fair=false; array=0
Sep-30 18:53:42.226 [main] DEBUG n.script.dsl.ProcessConfigBuilder - Config settings `withLabel:process_single` matches labels `process_single` for process with name NFCORE_RNASEQ:RNASEQ:BEDTOOLS_GENOMECOV_COMBINED
Sep-30 18:53:42.227 [main] DEBUG n.script.dsl.ProcessConfigBuilder - Config settings `withName:BEDTOOLS_GENOMECOV_COMBINED` matches process NFCORE_RNASEQ:RNASEQ:BEDTOOLS_GENOMECOV_COMBINED
Sep-30 18:53:42.228 [main] DEBUG n.script.dsl.ProcessConfigBuilder - Config settings `withName:(BEDTOOLS_GENOMECOV_(FW|REV|COMBINED)|.*:BEDGRAPH_BEDCLIP_BEDGRAPHTOBIGWIG_(FORWARD|REVERSE|COMBINED):UCSC_BEDCLIP)` matches process NFCORE_RNASEQ:RNASEQ:BEDTOOLS_GENOMECOV_COMBINED
Sep-30 18:53:42.232 [main] DEBUG nextflow.executor.ExecutorFactory - << taskConfig executor: null
Sep-30 18:53:42.232 [main] DEBUG nextflow.executor.ExecutorFactory - >> processorType: 'local'
Sep-30 18:53:42.233 [main] DEBUG nextflow.processor.TaskProcessor - Creating process 'NFCORE_RNASEQ:RNASEQ:BEDTOOLS_GENOMECOV_COMBINED': maxForks=0; fair=false; array=0
Sep-30 18:53:42.242 [main] DEBUG n.script.dsl.ProcessConfigBuilder - Config settings `withLabel:process_medium` matches labels `process_medium` for process with name NFCORE_RNASEQ:RNASEQ:BEDGRAPH_BEDCLIP_BEDGRAPHTOBIGWIG_FORWARD:UCSC_BEDCLIP
Sep-30 18:53:42.244 [main] DEBUG n.script.dsl.ProcessConfigBuilder - Config settings `withName:(BEDTOOLS_GENOMECOV_(FW|REV|COMBINED)|.*:BEDGRAPH_BEDCLIP_BEDGRAPHTOBIGWIG_(FORWARD|REVERSE|COMBINED):UCSC_BEDCLIP)` matches process NFCORE_RNASEQ:RNASEQ:BEDGRAPH_BEDCLIP_BEDGRAPHTOBIGWIG_FORWARD:UCSC_BEDCLIP
Sep-30 18:53:42.245 [main] DEBUG n.script.dsl.ProcessConfigBuilder - Config settings `withName:.*:BEDGRAPH_BEDCLIP_BEDGRAPHTOBIGWIG_FORWARD:UCSC_BEDCLIP` matches process NFCORE_RNASEQ:RNASEQ:BEDGRAPH_BEDCLIP_BEDGRAPHTOBIGWIG_FORWARD:UCSC_BEDCLIP
Sep-30 18:53:42.248 [main] DEBUG nextflow.executor.ExecutorFactory - << taskConfig executor: null
Sep-30 18:53:42.248 [main] DEBUG nextflow.executor.ExecutorFactory - >> processorType: 'local'
Sep-30 18:53:42.249 [main] DEBUG nextflow.processor.TaskProcessor - Creating process 'NFCORE_RNASEQ:RNASEQ:BEDGRAPH_BEDCLIP_BEDGRAPHTOBIGWIG_FORWARD:UCSC_BEDCLIP': maxForks=0; fair=false; array=0
Sep-30 18:53:42.255 [main] DEBUG n.script.dsl.ProcessConfigBuilder - Config settings `withLabel:process_single` matches labels `process_single` for process with name NFCORE_RNASEQ:RNASEQ:BEDGRAPH_BEDCLIP_BEDGRAPHTOBIGWIG_FORWARD:UCSC_BEDGRAPHTOBIGWIG
Sep-30 18:53:42.256 [main] DEBUG n.script.dsl.ProcessConfigBuilder - Config settings `withName:.*:BEDGRAPH_BEDCLIP_BEDGRAPHTOBIGWIG_FORWARD:UCSC_BEDGRAPHTOBIGWIG` matches process NFCORE_RNASEQ:RNASEQ:BEDGRAPH_BEDCLIP_BEDGRAPHTOBIGWIG_FORWARD:UCSC_BEDGRAPHTOBIGWIG
Sep-30 18:53:42.257 [main] DEBUG n.script.dsl.ProcessConfigBuilder - Config settings `withName:.*:BEDGRAPH_BEDCLIP_BEDGRAPHTOBIGWIG_(FORWARD|REVERSE|COMBINED):UCSC_BEDGRAPHTOBIGWIG` matches process NFCORE_RNASEQ:RNASEQ:BEDGRAPH_BEDCLIP_BEDGRAPHTOBIGWIG_FORWARD:UCSC_BEDGRAPHTOBIGWIG
Sep-30 18:53:42.259 [main] DEBUG nextflow.executor.ExecutorFactory - << taskConfig executor: null
Sep-30 18:53:42.259 [main] DEBUG nextflow.executor.ExecutorFactory - >> processorType: 'local'
Sep-30 18:53:42.260 [main] DEBUG nextflow.processor.TaskProcessor - Creating process 'NFCORE_RNASEQ:RNASEQ:BEDGRAPH_BEDCLIP_BEDGRAPHTOBIGWIG_FORWARD:UCSC_BEDGRAPHTOBIGWIG': maxForks=0; fair=false; array=0
Sep-30 18:53:42.273 [main] DEBUG n.script.dsl.ProcessConfigBuilder - Config settings `withLabel:process_medium` matches labels `process_medium` for process with name NFCORE_RNASEQ:RNASEQ:BEDGRAPH_BEDCLIP_BEDGRAPHTOBIGWIG_REVERSE:UCSC_BEDCLIP
Sep-30 18:53:42.275 [main] DEBUG n.script.dsl.ProcessConfigBuilder - Config settings `withName:(BEDTOOLS_GENOMECOV_(FW|REV|COMBINED)|.*:BEDGRAPH_BEDCLIP_BEDGRAPHTOBIGWIG_(FORWARD|REVERSE|COMBINED):UCSC_BEDCLIP)` matches process NFCORE_RNASEQ:RNASEQ:BEDGRAPH_BEDCLIP_BEDGRAPHTOBIGWIG_REVERSE:UCSC_BEDCLIP
Sep-30 18:53:42.275 [main] DEBUG n.script.dsl.ProcessConfigBuilder - Config settings `withName:.*:BEDGRAPH_BEDCLIP_BEDGRAPHTOBIGWIG_REVERSE:UCSC_BEDCLIP` matches process NFCORE_RNASEQ:RNASEQ:BEDGRAPH_BEDCLIP_BEDGRAPHTOBIGWIG_REVERSE:UCSC_BEDCLIP
Sep-30 18:53:42.278 [main] DEBUG nextflow.executor.ExecutorFactory - << taskConfig executor: null
Sep-30 18:53:42.278 [main] DEBUG nextflow.executor.ExecutorFactory - >> processorType: 'local'
Sep-30 18:53:42.279 [main] DEBUG nextflow.processor.TaskProcessor - Creating process 'NFCORE_RNASEQ:RNASEQ:BEDGRAPH_BEDCLIP_BEDGRAPHTOBIGWIG_REVERSE:UCSC_BEDCLIP': maxForks=0; fair=false; array=0
Sep-30 18:53:42.286 [main] DEBUG n.script.dsl.ProcessConfigBuilder - Config settings `withLabel:process_single` matches labels `process_single` for process with name NFCORE_RNASEQ:RNASEQ:BEDGRAPH_BEDCLIP_BEDGRAPHTOBIGWIG_REVERSE:UCSC_BEDGRAPHTOBIGWIG
Sep-30 18:53:42.288 [main] DEBUG n.script.dsl.ProcessConfigBuilder - Config settings `withName:.*:BEDGRAPH_BEDCLIP_BEDGRAPHTOBIGWIG_REVERSE:UCSC_BEDGRAPHTOBIGWIG` matches process NFCORE_RNASEQ:RNASEQ:BEDGRAPH_BEDCLIP_BEDGRAPHTOBIGWIG_REVERSE:UCSC_BEDGRAPHTOBIGWIG
Sep-30 18:53:42.289 [main] DEBUG n.script.dsl.ProcessConfigBuilder - Config settings `withName:.*:BEDGRAPH_BEDCLIP_BEDGRAPHTOBIGWIG_(FORWARD|REVERSE|COMBINED):UCSC_BEDGRAPHTOBIGWIG` matches process NFCORE_RNASEQ:RNASEQ:BEDGRAPH_BEDCLIP_BEDGRAPHTOBIGWIG_REVERSE:UCSC_BEDGRAPHTOBIGWIG
Sep-30 18:53:42.292 [main] DEBUG nextflow.executor.ExecutorFactory - << taskConfig executor: null
Sep-30 18:53:42.292 [main] DEBUG nextflow.executor.ExecutorFactory - >> processorType: 'local'
Sep-30 18:53:42.294 [main] DEBUG nextflow.processor.TaskProcessor - Creating process 'NFCORE_RNASEQ:RNASEQ:BEDGRAPH_BEDCLIP_BEDGRAPHTOBIGWIG_REVERSE:UCSC_BEDGRAPHTOBIGWIG': maxForks=0; fair=false; array=0
Sep-30 18:53:42.303 [main] DEBUG n.script.dsl.ProcessConfigBuilder - Config settings `withLabel:process_medium` matches labels `process_medium` for process with name NFCORE_RNASEQ:RNASEQ:BEDGRAPH_BEDCLIP_BEDGRAPHTOBIGWIG_COMBINED:UCSC_BEDCLIP
Sep-30 18:53:42.305 [main] DEBUG n.script.dsl.ProcessConfigBuilder - Config settings `withName:(BEDTOOLS_GENOMECOV_(FW|REV|COMBINED)|.*:BEDGRAPH_BEDCLIP_BEDGRAPHTOBIGWIG_(FORWARD|REVERSE|COMBINED):UCSC_BEDCLIP)` matches process NFCORE_RNASEQ:RNASEQ:BEDGRAPH_BEDCLIP_BEDGRAPHTOBIGWIG_COMBINED:UCSC_BEDCLIP
Sep-30 18:53:42.305 [main] DEBUG n.script.dsl.ProcessConfigBuilder - Config settings `withName:.*:BEDGRAPH_BEDCLIP_BEDGRAPHTOBIGWIG_COMBINED:UCSC_BEDCLIP` matches process NFCORE_RNASEQ:RNASEQ:BEDGRAPH_BEDCLIP_BEDGRAPHTOBIGWIG_COMBINED:UCSC_BEDCLIP
Sep-30 18:53:42.309 [main] DEBUG nextflow.executor.ExecutorFactory - << taskConfig executor: null
Sep-30 18:53:42.309 [main] DEBUG nextflow.executor.ExecutorFactory - >> processorType: 'local'
Sep-30 18:53:42.310 [main] DEBUG nextflow.processor.TaskProcessor - Creating process 'NFCORE_RNASEQ:RNASEQ:BEDGRAPH_BEDCLIP_BEDGRAPHTOBIGWIG_COMBINED:UCSC_BEDCLIP': maxForks=0; fair=false; array=0
Sep-30 18:53:42.318 [main] DEBUG n.script.dsl.ProcessConfigBuilder - Config settings `withLabel:process_single` matches labels `process_single` for process with name NFCORE_RNASEQ:RNASEQ:BEDGRAPH_BEDCLIP_BEDGRAPHTOBIGWIG_COMBINED:UCSC_BEDGRAPHTOBIGWIG
Sep-30 18:53:42.320 [main] DEBUG n.script.dsl.ProcessConfigBuilder - Config settings `withName:.*:BEDGRAPH_BEDCLIP_BEDGRAPHTOBIGWIG_COMBINED:UCSC_BEDGRAPHTOBIGWIG` matches process NFCORE_RNASEQ:RNASEQ:BEDGRAPH_BEDCLIP_BEDGRAPHTOBIGWIG_COMBINED:UCSC_BEDGRAPHTOBIGWIG
Sep-30 18:53:42.321 [main] DEBUG n.script.dsl.ProcessConfigBuilder - Config settings `withName:.*:BEDGRAPH_BEDCLIP_BEDGRAPHTOBIGWIG_(FORWARD|REVERSE|COMBINED):UCSC_BEDGRAPHTOBIGWIG` matches process NFCORE_RNASEQ:RNASEQ:BEDGRAPH_BEDCLIP_BEDGRAPHTOBIGWIG_COMBINED:UCSC_BEDGRAPHTOBIGWIG
Sep-30 18:53:42.323 [main] DEBUG nextflow.executor.ExecutorFactory - << taskConfig executor: null
Sep-30 18:53:42.324 [main] DEBUG nextflow.executor.ExecutorFactory - >> processorType: 'local'
Sep-30 18:53:42.326 [main] DEBUG nextflow.processor.TaskProcessor - Creating process 'NFCORE_RNASEQ:RNASEQ:BEDGRAPH_BEDCLIP_BEDGRAPHTOBIGWIG_COMBINED:UCSC_BEDGRAPHTOBIGWIG': maxForks=0; fair=false; array=0
Sep-30 18:53:43.337 [main] DEBUG n.script.dsl.ProcessConfigBuilder - Config settings `withLabel:process_single` matches labels `process_single` for process with name NFCORE_RNASEQ:RNASEQ:MULTIQC_RNASEQ:MULTIQC
Sep-30 18:53:43.338 [main] DEBUG n.script.dsl.ProcessConfigBuilder - Config settings `withName:MULTIQC` matches process NFCORE_RNASEQ:RNASEQ:MULTIQC_RNASEQ:MULTIQC
Sep-30 18:53:43.341 [main] DEBUG nextflow.executor.ExecutorFactory - << taskConfig executor: null
Sep-30 18:53:43.341 [main] DEBUG nextflow.executor.ExecutorFactory - >> processorType: 'local'
Sep-30 18:53:43.342 [main] DEBUG nextflow.processor.TaskProcessor - Creating process 'NFCORE_RNASEQ:RNASEQ:MULTIQC_RNASEQ:MULTIQC': maxForks=0; fair=false; array=0
Sep-30 18:53:43.397 [main] DEBUG nextflow.Session - Config process names validation disabled as requested
Sep-30 18:53:43.422 [main] DEBUG nextflow.Session - Igniting dataflow network (156)
Sep-30 18:53:43.426 [main] DEBUG nextflow.processor.TaskProcessor - Starting process > NFCORE_RNASEQ:PREPARE_GENOME_REFERENCES:GUNZIP_GTF
Sep-30 18:53:43.427 [main] DEBUG nextflow.processor.TaskProcessor - Starting process > NFCORE_RNASEQ:PREPARE_GENOME_REFERENCES:GUNZIP_FASTA
Sep-30 18:53:43.427 [main] DEBUG nextflow.processor.TaskProcessor - Starting process > NFCORE_RNASEQ:PREPARE_GENOME_REFERENCES:CUSTOM_GTFFILTER
Sep-30 18:53:43.427 [main] DEBUG nextflow.processor.TaskProcessor - Starting process > NFCORE_RNASEQ:PREPARE_GENOME_REFERENCES:EAUTILS_GTF2BED
Sep-30 18:53:43.427 [main] DEBUG nextflow.processor.TaskProcessor - Starting process > NFCORE_RNASEQ:PREPARE_GENOME_REFERENCES:MAKE_TRANSCRIPTS_FASTA
Sep-30 18:53:43.427 [main] DEBUG nextflow.processor.TaskProcessor - Starting process > NFCORE_RNASEQ:PREPARE_GENOME_REFERENCES:SAMTOOLS_FAIDX
Sep-30 18:53:43.428 [main] DEBUG nextflow.processor.TaskProcessor - Starting process > NFCORE_RNASEQ:PREPARE_GENOME_INDICES:HISAT2_EXTRACTSPLICESITES
Sep-30 18:53:43.428 [main] DEBUG nextflow.processor.TaskProcessor - Starting process > NFCORE_RNASEQ:PREPARE_GENOME_INDICES:HISAT2_BUILD
Sep-30 18:53:43.431 [main] DEBUG nextflow.processor.TaskProcessor - Starting process > NFCORE_RNASEQ:RNASEQ:SAMTOOLS_INDEX
Sep-30 18:53:43.434 [main] DEBUG nextflow.processor.TaskProcessor - Starting process > NFCORE_RNASEQ:RNASEQ:FASTQ_QC_TRIM_FILTER_SETSTRANDEDNESS:CAT_FASTQ
Sep-30 18:53:43.435 [main] DEBUG nextflow.processor.TaskProcessor - Starting process > NFCORE_RNASEQ:RNASEQ:FASTQ_QC_TRIM_FILTER_SETSTRANDEDNESS:FQ_LINT
Sep-30 18:53:43.438 [main] DEBUG nextflow.processor.TaskProcessor - Starting process > NFCORE_RNASEQ:RNASEQ:FASTQ_QC_TRIM_FILTER_SETSTRANDEDNESS:FASTQ_FASTQC_UMITOOLS_TRIMGALORE:FASTQC
Sep-30 18:53:43.439 [main] DEBUG nextflow.processor.TaskProcessor - Starting process > NFCORE_RNASEQ:RNASEQ:FASTQ_QC_TRIM_FILTER_SETSTRANDEDNESS:FASTQ_FASTQC_UMITOOLS_TRIMGALORE:TRIMGALORE
Sep-30 18:53:43.440 [main] DEBUG nextflow.processor.TaskProcessor - Starting process > NFCORE_RNASEQ:RNASEQ:FASTQ_QC_TRIM_FILTER_SETSTRANDEDNESS:FQ_LINT_AFTER_TRIMMING
Sep-30 18:53:43.440 [main] DEBUG nextflow.processor.TaskProcessor - Starting process > NFCORE_RNASEQ:RNASEQ:FASTQ_QC_TRIM_FILTER_SETSTRANDEDNESS:FASTQ_SUBSAMPLE_FQ_SALMON:SALMON_INDEX
Sep-30 18:53:43.440 [main] DEBUG nextflow.processor.TaskProcessor - Starting process > NFCORE_RNASEQ:RNASEQ:FASTQ_QC_TRIM_FILTER_SETSTRANDEDNESS:FASTQ_SUBSAMPLE_FQ_SALMON:FQ_SUBSAMPLE
Sep-30 18:53:43.440 [main] DEBUG nextflow.processor.TaskProcessor - Starting process > NFCORE_RNASEQ:RNASEQ:FASTQ_QC_TRIM_FILTER_SETSTRANDEDNESS:FASTQ_SUBSAMPLE_FQ_SALMON:SALMON_QUANT
Sep-30 18:53:43.446 [main] DEBUG nextflow.processor.TaskProcessor - Starting process > NFCORE_RNASEQ:RNASEQ:FASTQ_ALIGN_HISAT2:HISAT2_ALIGN
Sep-30 18:53:43.448 [main] DEBUG nextflow.processor.TaskProcessor - Starting process > NFCORE_RNASEQ:RNASEQ:FASTQ_ALIGN_HISAT2:BAM_SORT_STATS_SAMTOOLS:SAMTOOLS_SORT
Sep-30 18:53:43.448 [main] DEBUG nextflow.processor.TaskProcessor - Starting process > NFCORE_RNASEQ:RNASEQ:FASTQ_ALIGN_HISAT2:BAM_SORT_STATS_SAMTOOLS:SAMTOOLS_INDEX
Sep-30 18:53:43.448 [main] DEBUG nextflow.processor.TaskProcessor - Starting process > NFCORE_RNASEQ:RNASEQ:FASTQ_ALIGN_HISAT2:BAM_SORT_STATS_SAMTOOLS:BAM_STATS_SAMTOOLS:SAMTOOLS_STATS
Sep-30 18:53:43.448 [main] DEBUG nextflow.processor.TaskProcessor - Starting process > NFCORE_RNASEQ:RNASEQ:FASTQ_ALIGN_HISAT2:BAM_SORT_STATS_SAMTOOLS:BAM_STATS_SAMTOOLS:SAMTOOLS_FLAGSTAT
Sep-30 18:53:43.450 [main] DEBUG nextflow.processor.TaskProcessor - Starting process > NFCORE_RNASEQ:RNASEQ:FASTQ_ALIGN_HISAT2:BAM_SORT_STATS_SAMTOOLS:BAM_STATS_SAMTOOLS:SAMTOOLS_IDXSTATS
Sep-30 18:53:43.450 [main] DEBUG nextflow.processor.TaskProcessor - Starting process > NFCORE_RNASEQ:RNASEQ:BAM_MARKDUPLICATES_PICARD:PICARD_MARKDUPLICATES
Sep-30 18:53:43.450 [main] DEBUG nextflow.processor.TaskProcessor - Starting process > NFCORE_RNASEQ:RNASEQ:BAM_MARKDUPLICATES_PICARD:SAMTOOLS_INDEX
Sep-30 18:53:43.450 [main] DEBUG nextflow.processor.TaskProcessor - Starting process > NFCORE_RNASEQ:RNASEQ:BAM_MARKDUPLICATES_PICARD:BAM_STATS_SAMTOOLS:SAMTOOLS_STATS
Sep-30 18:53:43.450 [main] DEBUG nextflow.processor.TaskProcessor - Starting process > NFCORE_RNASEQ:RNASEQ:BAM_MARKDUPLICATES_PICARD:BAM_STATS_SAMTOOLS:SAMTOOLS_FLAGSTAT
Sep-30 18:53:43.451 [main] DEBUG nextflow.processor.TaskProcessor - Starting process > NFCORE_RNASEQ:RNASEQ:BAM_MARKDUPLICATES_PICARD:BAM_STATS_SAMTOOLS:SAMTOOLS_IDXSTATS
Sep-30 18:53:43.451 [main] DEBUG nextflow.processor.TaskProcessor - Starting process > NFCORE_RNASEQ:RNASEQ:STRINGTIE_STRINGTIE
Sep-30 18:53:43.451 [main] DEBUG nextflow.processor.TaskProcessor - Starting process > NFCORE_RNASEQ:RNASEQ:BAM_QC_RNASEQ:PRESEQ_LCEXTRAP
Sep-30 18:53:43.451 [main] DEBUG nextflow.processor.TaskProcessor - Starting process > NFCORE_RNASEQ:RNASEQ:BAM_QC_RNASEQ:SUBREAD_FEATURECOUNTS
Sep-30 18:53:43.451 [main] DEBUG nextflow.processor.TaskProcessor - Starting process > NFCORE_RNASEQ:RNASEQ:BAM_QC_RNASEQ:CUSTOM_MULTIQCCUSTOMBIOTYPE
Sep-30 18:53:43.451 [main] DEBUG nextflow.processor.TaskProcessor - Starting process > NFCORE_RNASEQ:RNASEQ:BAM_QC_RNASEQ:SAMTOOLS_SORT_QUALIMAP
Sep-30 18:53:43.451 [main] DEBUG nextflow.processor.TaskProcessor - Starting process > NFCORE_RNASEQ:RNASEQ:BAM_QC_RNASEQ:QUALIMAP_RNASEQ
Sep-30 18:53:43.451 [main] DEBUG nextflow.processor.TaskProcessor - Starting process > NFCORE_RNASEQ:RNASEQ:BAM_QC_RNASEQ:DUPRADAR
Sep-30 18:53:43.452 [main] DEBUG nextflow.processor.TaskProcessor - Starting process > NFCORE_RNASEQ:RNASEQ:BAM_QC_RNASEQ:BAM_RSEQC:RSEQC_BAMSTAT
Sep-30 18:53:43.452 [main] DEBUG nextflow.processor.TaskProcessor - Starting process > NFCORE_RNASEQ:RNASEQ:BAM_QC_RNASEQ:BAM_RSEQC:RSEQC_INNERDISTANCE
Sep-30 18:53:43.452 [main] DEBUG nextflow.processor.TaskProcessor - Starting process > NFCORE_RNASEQ:RNASEQ:BAM_QC_RNASEQ:BAM_RSEQC:RSEQC_INFEREXPERIMENT
Sep-30 18:53:43.452 [main] DEBUG nextflow.processor.TaskProcessor - Starting process > NFCORE_RNASEQ:RNASEQ:BAM_QC_RNASEQ:BAM_RSEQC:RSEQC_JUNCTIONANNOTATION
Sep-30 18:53:43.453 [main] DEBUG nextflow.processor.TaskProcessor - Starting process > NFCORE_RNASEQ:RNASEQ:BAM_QC_RNASEQ:BAM_RSEQC:RSEQC_JUNCTIONSATURATION
Sep-30 18:53:43.453 [main] DEBUG nextflow.processor.TaskProcessor - Starting process > NFCORE_RNASEQ:RNASEQ:BAM_QC_RNASEQ:BAM_RSEQC:RSEQC_READDISTRIBUTION
Sep-30 18:53:43.453 [main] DEBUG nextflow.processor.TaskProcessor - Starting process > NFCORE_RNASEQ:RNASEQ:BAM_QC_RNASEQ:BAM_RSEQC:RSEQC_READDUPLICATION
Sep-30 18:53:43.456 [main] DEBUG nextflow.processor.TaskProcessor - Starting process > NFCORE_RNASEQ:RNASEQ:BEDTOOLS_GENOMECOV_FW
Sep-30 18:53:43.457 [main] DEBUG nextflow.processor.TaskProcessor - Starting process > NFCORE_RNASEQ:RNASEQ:BEDTOOLS_GENOMECOV_REV
Sep-30 18:53:43.457 [main] DEBUG nextflow.processor.TaskProcessor - Starting process > NFCORE_RNASEQ:RNASEQ:BEDTOOLS_GENOMECOV_COMBINED
Sep-30 18:53:43.457 [main] DEBUG nextflow.processor.TaskProcessor - Starting process > NFCORE_RNASEQ:RNASEQ:BEDGRAPH_BEDCLIP_BEDGRAPHTOBIGWIG_FORWARD:UCSC_BEDCLIP
Sep-30 18:53:43.457 [main] DEBUG nextflow.processor.TaskProcessor - Starting process > NFCORE_RNASEQ:RNASEQ:BEDGRAPH_BEDCLIP_BEDGRAPHTOBIGWIG_FORWARD:UCSC_BEDGRAPHTOBIGWIG
Sep-30 18:53:43.457 [main] DEBUG nextflow.processor.TaskProcessor - Starting process > NFCORE_RNASEQ:RNASEQ:BEDGRAPH_BEDCLIP_BEDGRAPHTOBIGWIG_REVERSE:UCSC_BEDCLIP
Sep-30 18:53:43.457 [main] DEBUG nextflow.processor.TaskProcessor - Starting process > NFCORE_RNASEQ:RNASEQ:BEDGRAPH_BEDCLIP_BEDGRAPHTOBIGWIG_REVERSE:UCSC_BEDGRAPHTOBIGWIG
Sep-30 18:53:43.457 [main] DEBUG nextflow.processor.TaskProcessor - Starting process > NFCORE_RNASEQ:RNASEQ:BEDGRAPH_BEDCLIP_BEDGRAPHTOBIGWIG_COMBINED:UCSC_BEDCLIP
Sep-30 18:53:43.457 [main] DEBUG nextflow.processor.TaskProcessor - Starting process > NFCORE_RNASEQ:RNASEQ:BEDGRAPH_BEDCLIP_BEDGRAPHTOBIGWIG_COMBINED:UCSC_BEDGRAPHTOBIGWIG
Sep-30 18:53:43.465 [main] DEBUG nextflow.processor.TaskProcessor - Starting process > NFCORE_RNASEQ:RNASEQ:MULTIQC_RNASEQ:MULTIQC
Sep-30 18:53:43.478 [main] DEBUG nextflow.script.ScriptRunner - Parsed script files:
  _nf_script_2a61a21b74ffa6ac: /home/laura/.nextflow/assets/.repos/nf-core/rnaseq/clones/a1fcdddd3b826fe46eb46f0479f2ff8a7815af05/subworkflows/nf-core/fastq_remove_rrna/main.nf
  _nf_script_e5a7ef39ccb76983: /home/laura/.nextflow/assets/.repos/nf-core/rnaseq/clones/a1fcdddd3b826fe46eb46f0479f2ff8a7815af05/modules/nf-core/rustqc/main.nf
  _nf_script_e6955bbc83a79d3d: /home/laura/.nextflow/assets/.repos/nf-core/rnaseq/clones/a1fcdddd3b826fe46eb46f0479f2ff8a7815af05/modules/nf-core/star/align/main.nf
  _nf_script_66f7766ac7799ac4: /home/laura/.nextflow/assets/.repos/nf-core/rnaseq/clones/a1fcdddd3b826fe46eb46f0479f2ff8a7815af05/modules/nf-core/rseqc/innerdistance/main.nf
  _nf_script_95f6f79d619d58be: /home/laura/.nextflow/assets/.repos/nf-core/rnaseq/clones/a1fcdddd3b826fe46eb46f0479f2ff8a7815af05/modules/nf-core/custom/rsemmergecounts/main.nf
  _nf_script_012a0cf5ed65685c: /home/laura/.nextflow/assets/.repos/nf-core/rnaseq/clones/a1fcdddd3b826fe46eb46f0479f2ff8a7815af05/modules/nf-core/samtools/faidx/main.nf
  _nf_script_70fe0d8b478e5b05: /home/laura/.nextflow/assets/.repos/nf-core/rnaseq/clones/a1fcdddd3b826fe46eb46f0479f2ff8a7815af05/modules/nf-core/dupradar/main.nf
  _nf_script_276036e480714159: /home/laura/.nextflow/assets/.repos/nf-core/rnaseq/clones/a1fcdddd3b826fe46eb46f0479f2ff8a7815af05/modules/nf-core/subread/featurecounts/main.nf
  _nf_script_dd3765333f304483: /home/laura/.nextflow/assets/.repos/nf-core/rnaseq/clones/a1fcdddd3b826fe46eb46f0479f2ff8a7815af05/modules/nf-core/parabricks/rnafq2bam/main.nf
  _nf_script_fcb83089878e6180: /home/laura/.nextflow/assets/.repos/nf-core/rnaseq/clones/a1fcdddd3b826fe46eb46f0479f2ff8a7815af05/subworkflows/nf-core/bam_rseqc/main.nf
  _nf_script_92c40650edb9597d: /home/laura/.nextflow/assets/.repos/nf-core/rnaseq/clones/a1fcdddd3b826fe46eb46f0479f2ff8a7815af05/modules/nf-core/custom/catadditionalfasta/main.nf
  _nf_script_75e5ca0229788850: /home/laura/.nextflow/assets/.repos/nf-core/rnaseq/clones/a1fcdddd3b826fe46eb46f0479f2ff8a7815af05/subworkflows/nf-core/fastq_qc_trim_filter_setstrandedness/main.nf
  _nf_script_81f4971b492007e5: /home/laura/.nextflow/assets/.repos/nf-core/rnaseq/clones/a1fcdddd3b826fe46eb46f0479f2ff8a7815af05/subworkflows/nf-core/fastq_align_hisat2/main.nf
  _nf_script_4c2707deed021156: /home/laura/.nextflow/assets/.repos/nf-core/rnaseq/clones/a1fcdddd3b826fe46eb46f0479f2ff8a7815af05/modules/nf-core/stringtie/stringtie/main.nf
  _nf_script_8e5301a7e77857da: /home/laura/.nextflow/assets/.repos/nf-core/rnaseq/clones/a1fcdddd3b826fe46eb46f0479f2ff8a7815af05/modules/nf-core/bbmap/bbsplit/main.nf
  _nf_script_516450b3037a6336: /home/laura/.nextflow/assets/.repos/nf-core/rnaseq/clones/a1fcdddd3b826fe46eb46f0479f2ff8a7815af05/workflows/rnaseq/main.nf
  _nf_script_f3c0f44d9acae115: /home/laura/.nextflow/assets/.repos/nf-core/rnaseq/clones/a1fcdddd3b826fe46eb46f0479f2ff8a7815af05/modules/nf-core/ea-utils/gtf2bed/main.nf
  _nf_script_dbaca5e1720f5341: /home/laura/.nextflow/assets/.repos/nf-core/rnaseq/clones/a1fcdddd3b826fe46eb46f0479f2ff8a7815af05/subworkflows/nf-core/bam_markduplicates_picard/main.nf
  _nf_script_55765cd49a970aff: /home/laura/.nextflow/assets/.repos/nf-core/rnaseq/clones/a1fcdddd3b826fe46eb46f0479f2ff8a7815af05/modules/nf-core/salmon/quant/main.nf
  _nf_script_f248eb25c7180eac: /home/laura/.nextflow/assets/.repos/nf-core/rnaseq/clones/a1fcdddd3b826fe46eb46f0479f2ff8a7815af05/modules/nf-core/rseqc/bamstat/main.nf
  _nf_script_d2fd86c6652e1064: /home/laura/.nextflow/assets/.repos/nf-core/rnaseq/clones/a1fcdddd3b826fe46eb46f0479f2ff8a7815af05/modules/nf-core/umitools/prepareforrsem/main.nf
  _nf_script_acd14d22890b52c4: /home/laura/.nextflow/assets/.repos/nf-core/rnaseq/clones/a1fcdddd3b826fe46eb46f0479f2ff8a7815af05/modules/local/preprocess_transcripts_fasta_gencode/main.nf
  _nf_script_0a398213cf63c564: /home/laura/.nextflow/assets/.repos/nf-core/rnaseq/clones/a1fcdddd3b826fe46eb46f0479f2ff8a7815af05/modules/nf-core/cat/fastq/main.nf
  _nf_script_01d55c80f033ffb7: /home/laura/.nextflow/assets/.repos/nf-core/rnaseq/clones/a1fcdddd3b826fe46eb46f0479f2ff8a7815af05/subworkflows/nf-core/bam_stats_samtools/main.nf
  _nf_script_8cc1fc1568ff4650: /home/laura/.nextflow/assets/.repos/nf-core/rnaseq/clones/a1fcdddd3b826fe46eb46f0479f2ff8a7815af05/modules/nf-core/sylphtax/taxprof/main.nf
  _nf_script_6d39141a8a91dc1b: /home/laura/.nextflow/assets/.repos/nf-core/rnaseq/clones/a1fcdddd3b826fe46eb46f0479f2ff8a7815af05/modules/nf-core/sortmerna/main.nf
  _nf_script_0d55bdc05a2d57dd: /home/laura/.nextflow/assets/.repos/nf-core/rnaseq/clones/a1fcdddd3b826fe46eb46f0479f2ff8a7815af05/modules/nf-core/fastp/main.nf
  _nf_script_513813141366f300: /home/laura/.nextflow/assets/.repos/nf-core/rnaseq/clones/a1fcdddd3b826fe46eb46f0479f2ff8a7815af05/modules/nf-core/picard/markduplicates/main.nf
  _nf_script_3a48cbab276be407: /home/laura/.nextflow/assets/.repos/nf-core/rnaseq/clones/a1fcdddd3b826fe46eb46f0479f2ff8a7815af05/subworkflows/local/align_star/main.nf
  _nf_script_eac6e4e9601727b8: /home/laura/.nextflow/assets/.repos/nf-core/rnaseq/clones/a1fcdddd3b826fe46eb46f0479f2ff8a7815af05/modules/nf-core/samtools/flagstat/main.nf
  _nf_script_3abed3af993adef2: /home/laura/.nextflow/assets/.repos/nf-core/rnaseq/clones/a1fcdddd3b826fe46eb46f0479f2ff8a7815af05/modules/nf-core/samtools/idxstats/main.nf
  _nf_script_96cecb37c0b1a5b4: /home/laura/.nextflow/assets/.repos/nf-core/rnaseq/clones/a1fcdddd3b826fe46eb46f0479f2ff8a7815af05/modules/nf-core/rseqc/tin/main.nf
  _nf_script_79fd11ae50d4ea36: /home/laura/.nextflow/assets/.repos/nf-core/rnaseq/clones/a1fcdddd3b826fe46eb46f0479f2ff8a7815af05/modules/nf-core/fq/subsample/main.nf
  _nf_script_f6c6f6d07e1ca9b5: /home/laura/.nextflow/assets/.repos/nf-core/rnaseq/clones/a1fcdddd3b826fe46eb46f0479f2ff8a7815af05/subworkflows/nf-core/bam_stringtie_merge/main.nf
  _nf_script_c422bc41b7d6e960: /home/laura/.nextflow/assets/.repos/nf-core/rnaseq/clones/a1fcdddd3b826fe46eb46f0479f2ff8a7815af05/modules/nf-core/bowtie2/build/main.nf
  _nf_script_238fb4d0e42496c2: /home/laura/.nextflow/assets/.repos/nf-core/rnaseq/clones/a1fcdddd3b826fe46eb46f0479f2ff8a7815af05/subworkflows/local/multiqc_rnaseq/main.nf
  _nf_script_a5349e000dc973f0: /home/laura/.nextflow/assets/.repos/nf-core/rnaseq/clones/a1fcdddd3b826fe46eb46f0479f2ff8a7815af05/modules/nf-core/custom/tx2gene/main.nf
  _nf_script_de49cf9f57234681: /home/laura/.nextflow/assets/.repos/nf-core/rnaseq/clones/a1fcdddd3b826fe46eb46f0479f2ff8a7815af05/modules/nf-core/samtools/fastq/main.nf
  _nf_script_6671ce0084566fdd: /home/laura/.nextflow/assets/.repos/nf-core/rnaseq/clones/a1fcdddd3b826fe46eb46f0479f2ff8a7815af05/modules/local/deseq2_qc/main.nf
  _nf_script_218ba81333cb4029: /home/laura/.nextflow/assets/.repos/nf-core/rnaseq/clones/a1fcdddd3b826fe46eb46f0479f2ff8a7815af05/modules/nf-core/rseqc/inferexperiment/main.nf
  _nf_script_d2095d6d917ac777: /home/laura/.nextflow/assets/.repos/nf-core/rnaseq/clones/a1fcdddd3b826fe46eb46f0479f2ff8a7815af05/modules/nf-core/untar/main.nf
  _nf_script_e85cd2ef056435ac: /home/laura/.nextflow/assets/.repos/nf-core/rnaseq/clones/a1fcdddd3b826fe46eb46f0479f2ff8a7815af05/modules/nf-core/hisat2/align/main.nf
  _nf_script_6008d2efc78edb7a: /home/laura/.nextflow/assets/.repos/nf-core/rnaseq/clones/a1fcdddd3b826fe46eb46f0479f2ff8a7815af05/modules/nf-core/sylph/profile/main.nf
  _nf_script_2d946c18ce886294: /home/laura/.nextflow/assets/.repos/nf-core/rnaseq/clones/a1fcdddd3b826fe46eb46f0479f2ff8a7815af05/subworkflows/nf-core/bam_qc_rnaseq/main.nf
  _nf_script_1ab96933c7f848ff: /home/laura/.nextflow/assets/.repos/nf-core/rnaseq/clones/a1fcdddd3b826fe46eb46f0479f2ff8a7815af05/subworkflows/local/utils_nfcore_rnaseq_pipeline/main.nf
  _nf_script_15443930b823fc4d: /home/laura/.nextflow/assets/.repos/nf-core/rnaseq/clones/a1fcdddd3b826fe46eb46f0479f2ff8a7815af05/modules/nf-core/gffread/main.nf
  _nf_script_b61834588e36f16d: /home/laura/.nextflow/assets/.repos/nf-core/rnaseq/clones/a1fcdddd3b826fe46eb46f0479f2ff8a7815af05/subworkflows/nf-core/fastq_fastqc_umitools_fastp/main.nf
  _nf_script_d91eb29b8ae77526: /home/laura/.nextflow/assets/.repos/nf-core/rnaseq/clones/a1fcdddd3b826fe46eb46f0479f2ff8a7815af05/modules/nf-core/rsem/preparereference/main.nf
  _nf_script_80e796c44073711b: /home/laura/.nextflow/assets/.repos/nf-core/rnaseq/clones/a1fcdddd3b826fe46eb46f0479f2ff8a7815af05/modules/nf-core/rseqc/readdistribution/main.nf
  _nf_script_e74c2fcaeb97b4f4: /home/laura/.nextflow/assets/.repos/nf-core/rnaseq/clones/a1fcdddd3b826fe46eb46f0479f2ff8a7815af05/modules/nf-core/tximeta/tximport/main.nf
  _nf_script_88a25d02d0a78f6a: /home/laura/.nextflow/assets/.repos/nf-core/rnaseq/clones/a1fcdddd3b826fe46eb46f0479f2ff8a7815af05/modules/nf-core/umitools/dedup/main.nf
  _nf_script_e9e7dfe39a6b43df: /home/laura/.nextflow/assets/.repos/nf-core/rnaseq/clones/a1fcdddd3b826fe46eb46f0479f2ff8a7815af05/subworkflows/local/prepare_genome_references/main.nf
  _nf_script_5ee7e7857c1aafb9: /home/laura/.nextflow/assets/.repos/nf-core/rnaseq/clones/a1fcdddd3b826fe46eb46f0479f2ff8a7815af05/modules/nf-core/kallisto/index/main.nf
  _nf_script_b36df530532542fd: /home/laura/.nextflow/assets/.repos/nf-core/rnaseq/clones/a1fcdddd3b826fe46eb46f0479f2ff8a7815af05/modules/nf-core/custom/gtffilter/main.nf
  _nf_script_617b52ca112fc892: /home/laura/.nextflow/assets/.repos/nf-core/rnaseq/clones/a1fcdddd3b826fe46eb46f0479f2ff8a7815af05/subworkflows/nf-core/fastq_fastqc_umitools_trimgalore/main.nf
  _nf_script_2b6be686d0f17940: /home/laura/.nextflow/assets/.repos/nf-core/rnaseq/clones/a1fcdddd3b826fe46eb46f0479f2ff8a7815af05/modules/nf-core/samtools/stats/main.nf
  _nf_script_387cf21f499cca2f: /home/laura/.nextflow/assets/.repos/nf-core/rnaseq/clones/a1fcdddd3b826fe46eb46f0479f2ff8a7815af05/modules/nf-core/kallisto/quant/main.nf
  _nf_script_91093e2055788d48: /home/laura/.nextflow/assets/.repos/nf-core/rnaseq/clones/a1fcdddd3b826fe46eb46f0479f2ff8a7815af05/modules/nf-core/sentieon/rsemcalculateexpression/main.nf
  _nf_script_7dff26f390e1c9b0: /home/laura/.nextflow/assets/.repos/nf-core/rnaseq/clones/a1fcdddd3b826fe46eb46f0479f2ff8a7815af05/modules/nf-core/gunzip/main.nf
  _nf_script_788cb59e93f747e7: /home/laura/.nextflow/assets/.repos/nf-core/rnaseq/clones/a1fcdddd3b826fe46eb46f0479f2ff8a7815af05/modules/nf-core/bedtools/genomecov/main.nf
  _nf_script_f3e9596e29a35455: /home/laura/.nextflow/assets/.repos/nf-core/rnaseq/clones/a1fcdddd3b826fe46eb46f0479f2ff8a7815af05/modules/nf-core/kraken2/kraken2/main.nf
  _nf_script_c52baee1a702f37b: /home/laura/.nextflow/assets/.repos/nf-core/rnaseq/clones/a1fcdddd3b826fe46eb46f0479f2ff8a7815af05/subworkflows/nf-core/bam_dedup_umi/main.nf
  _nf_script_456e70cd559098c0: /home/laura/.nextflow/assets/.repos/nf-core/rnaseq/clones/a1fcdddd3b826fe46eb46f0479f2ff8a7815af05/subworkflows/nf-core/bam_dedup_stats_samtools_umicollapse/main.nf
  _nf_script_ff89ff42c1c10c1a: /home/laura/.nextflow/assets/.repos/nf-core/rnaseq/clones/a1fcdddd3b826fe46eb46f0479f2ff8a7815af05/modules/nf-core/trimgalore/main.nf
  _nf_script_272595a5987ae2cb: /home/laura/.nextflow/assets/.repos/nf-core/rnaseq/clones/a1fcdddd3b826fe46eb46f0479f2ff8a7815af05/subworkflows/nf-core/fastq_subsample_fq_salmon/main.nf
  _nf_script_099e2f1bbfd416a0: /home/laura/.nextflow/assets/.repos/nf-core/rnaseq/clones/a1fcdddd3b826fe46eb46f0479f2ff8a7815af05/modules/nf-core/sentieon/rsempreparereference/main.nf
  _nf_script_6393553857d00957: /home/laura/.nextflow/assets/.repos/nf-core/rnaseq/clones/a1fcdddd3b826fe46eb46f0479f2ff8a7815af05/modules/nf-core/custom/multiqccustombiotype/main.nf
  _nf_script_6c37f5a60834cc26: /home/laura/.nextflow/assets/.repos/nf-core/rnaseq/clones/a1fcdddd3b826fe46eb46f0479f2ff8a7815af05/modules/nf-core/hisat2/extractsplicesites/main.nf
  _nf_script_957cda8f2d8d9973: /home/laura/.nextflow/assets/.repos/nf-core/rnaseq/clones/a1fcdddd3b826fe46eb46f0479f2ff8a7815af05/modules/nf-core/ucsc/bedclip/main.nf
  _nf_script_951a3a5754ac0bb7: /home/laura/.nextflow/assets/.repos/nf-core/rnaseq/clones/a1fcdddd3b826fe46eb46f0479f2ff8a7815af05/modules/nf-core/summarizedexperiment/summarizedexperiment/main.nf
  _nf_script_93e444684a165ef0: /home/laura/.nextflow/assets/.repos/nf-core/rnaseq/clones/a1fcdddd3b826fe46eb46f0479f2ff8a7815af05/modules/nf-core/rsem/calculateexpression/main.nf
  _nf_script_3976a72520330c47: /home/laura/.nextflow/assets/.repos/nf-core/rnaseq/clones/a1fcdddd3b826fe46eb46f0479f2ff8a7815af05/subworkflows/nf-core/bam_sort_stats_samtools/main.nf
  _nf_script_ad79a839ac744ec5: /home/laura/.nextflow/assets/.repos/nf-core/rnaseq/clones/a1fcdddd3b826fe46eb46f0479f2ff8a7815af05/modules/nf-core/ribodetector/main.nf
  _nf_script_388cbc37be9a2180: /home/laura/.nextflow/assets/.repos/nf-core/rnaseq/clones/a1fcdddd3b826fe46eb46f0479f2ff8a7815af05/modules/nf-core/samtools/view/main.nf
  _nf_script_fff416c6f2283812: /home/laura/.nextflow/assets/.repos/nf-core/rnaseq/clones/a1fcdddd3b826fe46eb46f0479f2ff8a7815af05/modules/nf-core/stringtie/merge/main.nf
  _nf_script_4d25ec7b2ac8c9d8: /home/laura/.nextflow/assets/.repos/nf-core/rnaseq/clones/a1fcdddd3b826fe46eb46f0479f2ff8a7815af05/modules/nf-core/umitools/extract/main.nf
  _nf_script_1c674b13fc397f99: /home/laura/.nextflow/assets/.repos/nf-core/rnaseq/clones/a1fcdddd3b826fe46eb46f0479f2ff8a7815af05/modules/nf-core/star/genomegenerate/main.nf
  _nf_script_f87c9833b32971be: /home/laura/.nextflow/assets/.repos/nf-core/rnaseq/clones/a1fcdddd3b826fe46eb46f0479f2ff8a7815af05/subworkflows/nf-core/utils_nextflow_pipeline/main.nf
  _nf_script_38b3287e4ed5c33a: /home/laura/.nextflow/assets/.repos/nf-core/rnaseq/clones/a1fcdddd3b826fe46eb46f0479f2ff8a7815af05/modules/nf-core/samtools/index/main.nf
  _nf_script_be258fa386bcffd1: /home/laura/.nextflow/assets/.repos/nf-core/rnaseq/clones/a1fcdddd3b826fe46eb46f0479f2ff8a7815af05/modules/nf-core/qualimap/rnaseq/main.nf
  _nf_script_75c9b53352d42b29: /home/laura/.nextflow/assets/.repos/nf-core/rnaseq/clones/a1fcdddd3b826fe46eb46f0479f2ff8a7815af05/modules/nf-core/seqkit/stats/main.nf
  _nf_script_bdda05fcac3c2409: /home/laura/.nextflow/assets/.repos/nf-core/rnaseq/clones/a1fcdddd3b826fe46eb46f0479f2ff8a7815af05/modules/local/star_genomeparams_upgrade/main.nf
  _nf_script_f0c0b36d3502988d: /home/laura/.nextflow/assets/.repos/nf-core/rnaseq/clones/a1fcdddd3b826fe46eb46f0479f2ff8a7815af05/modules/nf-core/fastqc/main.nf
  _nf_script_2b6cc2e860ed7906: /home/laura/.nextflow/assets/.repos/nf-core/rnaseq/clones/a1fcdddd3b826fe46eb46f0479f2ff8a7815af05/modules/nf-core/rseqc/junctionsaturation/main.nf
  _nf_script_b1d4161a189fd9e3: /home/laura/.nextflow/assets/.repos/nf-core/rnaseq/clones/a1fcdddd3b826fe46eb46f0479f2ff8a7815af05/modules/nf-core/rseqc/readduplication/main.nf
  _nf_script_feb2bdf7c346776e: /home/laura/.nextflow/assets/.repos/nf-core/rnaseq/clones/a1fcdddd3b826fe46eb46f0479f2ff8a7815af05/subworkflows/nf-core/utils_nfcore_pipeline/main.nf
  _nf_script_0c8c313c3fd39924: /home/laura/.nextflow/assets/.repos/nf-core/rnaseq/clones/a1fcdddd3b826fe46eb46f0479f2ff8a7815af05/modules/nf-core/fq/lint/main.nf
  _nf_script_31b0cc5c254f7744: /home/laura/.nextflow/assets/.repos/nf-core/rnaseq/clones/a1fcdddd3b826fe46eb46f0479f2ff8a7815af05/modules/nf-core/samtools/sort/main.nf
  _nf_script_029536097faa3470: /home/laura/.nextflow/assets/.repos/nf-core/rnaseq/clones/a1fcdddd3b826fe46eb46f0479f2ff8a7815af05/subworkflows/local/align_bowtie2/main.nf
  _nf_script_ea65f274988157af: /home/laura/.nextflow/assets/.repos/nf-core/rnaseq/clones/a1fcdddd3b826fe46eb46f0479f2ff8a7815af05/modules/nf-core/bowtie2/align/main.nf
  _nf_script_a3c2e4c48f690999: /home/laura/.nextflow/assets/.repos/nf-core/rnaseq/clones/a1fcdddd3b826fe46eb46f0479f2ff8a7815af05/subworkflows/nf-core/bam_dedup_stats_samtools_umitools/main.nf
  _nf_script_448a976d40e7aa08: /home/laura/.nextflow/assets/.repos/nf-core/rnaseq/clones/a1fcdddd3b826fe46eb46f0479f2ff8a7815af05/modules/nf-core/ucsc/bedgraphtobigwig/main.nf
  _nf_script_0d6bebb695bfc2af: /home/laura/.nextflow/assets/.repos/nf-core/rnaseq/clones/a1fcdddd3b826fe46eb46f0479f2ff8a7815af05/subworkflows/nf-core/quant_tximport_summarizedexperiment/main.nf
  _nf_script_b2080ba42d1fe710: /home/laura/.nextflow/assets/.repos/nf-core/rnaseq/clones/a1fcdddd3b826fe46eb46f0479f2ff8a7815af05/subworkflows/nf-core/bedgraph_bedclip_bedgraphtobigwig/main.nf
  _nf_script_90af01539c997c18: /home/laura/.nextflow/assets/.repos/nf-core/rnaseq/clones/a1fcdddd3b826fe46eb46f0479f2ff8a7815af05/modules/nf-core/preseq/lcextrap/main.nf
  _nf_script_a46e5a49e63de450: /home/laura/.nextflow/assets/.repos/nf-core/rnaseq/clones/a1fcdddd3b826fe46eb46f0479f2ff8a7815af05/modules/nf-core/salmon/index/main.nf
  _nf_script_190e034fd6bd9dee: /home/laura/.nextflow/assets/.repos/nf-core/rnaseq/clones/a1fcdddd3b826fe46eb46f0479f2ff8a7815af05/modules/nf-core/sentieon/staralign/main.nf
  _nf_script_596a890b70ac3daa: /home/laura/.nextflow/assets/.repos/nf-core/rnaseq/clones/a1fcdddd3b826fe46eb46f0479f2ff8a7815af05/subworkflows/nf-core/quantify_pseudo_alignment/main.nf
  _nf_script_54c15095c6488da5: /home/laura/.nextflow/assets/.repos/nf-core/rnaseq/clones/a1fcdddd3b826fe46eb46f0479f2ff8a7815af05/subworkflows/nf-core/quantify_rsem/main.nf
  _nf_script_a0fdeb6f8248a086: /home/laura/.nextflow/assets/.repos/nf-core/rnaseq/clones/a1fcdddd3b826fe46eb46f0479f2ff8a7815af05/subworkflows/local/prepare_genome_indices/main.nf
  _nf_script_5991407aa2ebb883: /home/laura/.nextflow/assets/.repos/nf-core/rnaseq/clones/a1fcdddd3b826fe46eb46f0479f2ff8a7815af05/modules/nf-core/bracken/bracken/main.nf
  _nf_script_3ba590b6492b88ec: /home/laura/.nextflow/assets/.repos/nf-core/rnaseq/clones/a1fcdddd3b826fe46eb46f0479f2ff8a7815af05/modules/nf-core/hisat2/build/main.nf
  _nf_script_2c2b0b095f01106c: /home/laura/.nextflow/assets/.repos/nf-core/rnaseq/clones/a1fcdddd3b826fe46eb46f0479f2ff8a7815af05/modules/nf-core/seqkit/replace/main.nf
  _nf_script_3ee8318b956f2df2: /home/laura/.nextflow/assets/.repos/nf-core/rnaseq/clones/a1fcdddd3b826fe46eb46f0479f2ff8a7815af05/modules/nf-core/umicollapse/main.nf
  _nf_script_f3399e29d4af7619: /home/laura/.nextflow/assets/.repos/nf-core/rnaseq/clones/a1fcdddd3b826fe46eb46f0479f2ff8a7815af05/modules/nf-core/multiqc/main.nf
  _nf_script_4d3624fd078a18f8: /home/laura/.nextflow/assets/.repos/nf-core/rnaseq/clones/a1fcdddd3b826fe46eb46f0479f2ff8a7815af05/modules/nf-core/rseqc/junctionannotation/main.nf
  _nf_script_b5f7c2bffd014744: /home/laura/.nextflow/assets/.repos/nf-core/rnaseq/clones/a1fcdddd3b826fe46eb46f0479f2ff8a7815af05/subworkflows/nf-core/utils_nfschema_plugin/main.nf
  Main: /home/laura/.nextflow/assets/.repos/nf-core/rnaseq/clones/a1fcdddd3b826fe46eb46f0479f2ff8a7815af05/main.nf
Sep-30 18:53:43.479 [main] DEBUG nextflow.script.ScriptRunner - > Awaiting termination 
Sep-30 18:53:43.479 [main] DEBUG nextflow.Session - Session await
Sep-30 18:53:43.697 [Actor Thread 2] DEBUG nextflow.sort.BigSort - Sort completed -- entries: 1; slices: 1; internal sort time: 0.002 s; external sort time: 0.003 s; total time: 0.005 s
Sep-30 18:53:43.699 [Actor Thread 16] DEBUG nextflow.sort.BigSort - Sort completed -- entries: 1; slices: 1; internal sort time: 0.001 s; external sort time: 0.005 s; total time: 0.006 s
Sep-30 18:53:43.700 [Actor Thread 13] DEBUG nextflow.sort.BigSort - Sort completed -- entries: 1; slices: 1; internal sort time: 0.001 s; external sort time: 0.006 s; total time: 0.007 s
Sep-30 18:53:43.701 [Actor Thread 15] DEBUG nextflow.sort.BigSort - Sort completed -- entries: 4; slices: 1; internal sort time: 0.008 s; external sort time: 0.001 s; total time: 0.009 s
Sep-30 18:53:43.706 [Actor Thread 16] DEBUG nextflow.file.FileCollector - >> temp file exists? false
Sep-30 18:53:43.706 [Actor Thread 13] DEBUG nextflow.file.FileCollector - >> temp file exists? false
Sep-30 18:53:43.706 [Actor Thread 2] DEBUG nextflow.file.FileCollector - >> temp file exists? true
Sep-30 18:53:43.707 [Actor Thread 15] DEBUG nextflow.file.FileCollector - >> temp file exists? true
Sep-30 18:53:43.709 [Actor Thread 16] DEBUG nextflow.file.FileCollector - Missed collect-file cache -- cause: java.nio.file.NoSuchFileException: /mnt/d/Bioinformatik_MSc_alt/CW_BMD/work/OUTDIR/Day_2/collect-file/e740b055b79a6c323c62fb7ee641cb59
Sep-30 18:53:43.709 [Actor Thread 13] DEBUG nextflow.file.FileCollector - Missed collect-file cache -- cause: java.nio.file.NoSuchFileException: /mnt/d/Bioinformatik_MSc_alt/CW_BMD/work/OUTDIR/Day_2/collect-file/23643d49a368261c3989dbb97646696c
Sep-30 18:53:43.733 [Actor Thread 15] DEBUG nextflow.file.FileCollector - Retrieved cached collect-files from: /mnt/d/Bioinformatik_MSc_alt/CW_BMD/work/OUTDIR/Day_2/collect-file/778d8a8035ea155ba3a8c04cc195436b
Sep-30 18:53:43.734 [Actor Thread 2] DEBUG nextflow.file.FileCollector - Retrieved cached collect-files from: /mnt/d/Bioinformatik_MSc_alt/CW_BMD/work/OUTDIR/Day_2/collect-file/58f2d108af2ec76df3f520dc7db575eb
Sep-30 18:53:43.748 [Actor Thread 2] DEBUG nextflow.file.FileCollector - Deleting file collector temp dir: /tmp/nxf-6861665147666084849
Sep-30 18:53:43.748 [Actor Thread 15] DEBUG nextflow.file.FileCollector - Deleting file collector temp dir: /tmp/nxf-356336651851173239
Sep-30 18:53:43.752 [Actor Thread 16] DEBUG nextflow.file.FileCollector - Saved collect-files list to: /mnt/d/Bioinformatik_MSc_alt/CW_BMD/work/OUTDIR/Day_2/collect-file/e740b055b79a6c323c62fb7ee641cb59
Sep-30 18:53:43.755 [Actor Thread 13] DEBUG nextflow.file.FileCollector - Saved collect-files list to: /mnt/d/Bioinformatik_MSc_alt/CW_BMD/work/OUTDIR/Day_2/collect-file/23643d49a368261c3989dbb97646696c
Sep-30 18:53:43.756 [Actor Thread 16] DEBUG nextflow.file.FileCollector - Deleting file collector temp dir: /tmp/nxf-16209669198151887543
Sep-30 18:53:43.757 [Actor Thread 13] DEBUG nextflow.file.FileCollector - Deleting file collector temp dir: /tmp/nxf-1775448821678159088
Sep-30 18:53:43.835 [Actor Thread 18] INFO  nextflow.processor.TaskProcessor - [ee/f0491d] Cached process > NFCORE_RNASEQ:RNASEQ:FASTQ_QC_TRIM_FILTER_SETSTRANDEDNESS:FQ_LINT (SRX19144488)
Sep-30 18:53:43.835 [Actor Thread 17] INFO  nextflow.processor.TaskProcessor - [f9/a19c2c] Cached process > NFCORE_RNASEQ:RNASEQ:FASTQ_QC_TRIM_FILTER_SETSTRANDEDNESS:FQ_LINT (SRX19144486)
Sep-30 18:53:43.915 [Actor Thread 18] DEBUG nextflow.util.ThreadPoolBuilder - Creating thread pool 'PublishDir' minSize=10; maxSize=24; workQueue=LinkedBlockingQueue[-1]; allowCoreThreadTimeout=false
Sep-30 18:53:44.117 [Actor Thread 15] INFO  nextflow.processor.TaskProcessor - [fc/f9643a] Cached process > NFCORE_RNASEQ:RNASEQ:FASTQ_QC_TRIM_FILTER_SETSTRANDEDNESS:FASTQ_FASTQC_UMITOOLS_TRIMGALORE:FASTQC (SRX19144488)
Sep-30 18:53:44.127 [Actor Thread 29] INFO  nextflow.processor.TaskProcessor - [ef/05f8fb] Cached process > NFCORE_RNASEQ:RNASEQ:FASTQ_QC_TRIM_FILTER_SETSTRANDEDNESS:FASTQ_FASTQC_UMITOOLS_TRIMGALORE:FASTQC (SRX19144486)
Sep-30 18:53:44.475 [Actor Thread 16] INFO  nextflow.processor.TaskProcessor - [f3/c664d6] Cached process > NFCORE_RNASEQ:RNASEQ:FASTQ_QC_TRIM_FILTER_SETSTRANDEDNESS:FASTQ_FASTQC_UMITOOLS_TRIMGALORE:TRIMGALORE (SRX19144488)
Sep-30 18:53:44.476 [Actor Thread 1] INFO  nextflow.processor.TaskProcessor - [36/671361] Cached process > NFCORE_RNASEQ:RNASEQ:FASTQ_QC_TRIM_FILTER_SETSTRANDEDNESS:FASTQ_FASTQC_UMITOOLS_TRIMGALORE:TRIMGALORE (SRX19144486)
Sep-30 18:53:44.639 [Actor Thread 16] DEBUG nextflow.processor.TaskProcessor - Process NFCORE_RNASEQ:RNASEQ:FASTQ_QC_TRIM_FILTER_SETSTRANDEDNESS:FASTQ_FASTQC_UMITOOLS_TRIMGALORE:TRIMGALORE > Skipping output binding because one or more optional files are missing: fileoutparam<3:1>
Sep-30 18:53:44.641 [Actor Thread 1] DEBUG nextflow.processor.TaskProcessor - Process NFCORE_RNASEQ:RNASEQ:FASTQ_QC_TRIM_FILTER_SETSTRANDEDNESS:FASTQ_FASTQC_UMITOOLS_TRIMGALORE:TRIMGALORE > Skipping output binding because one or more optional files are missing: fileoutparam<3:1>
Sep-30 18:53:44.770 [Actor Thread 28] DEBUG nextflow.file.SortFileCollector - FileCollector temp dir not removed: null
Sep-30 18:53:44.770 [Actor Thread 25] DEBUG nextflow.file.SortFileCollector - FileCollector temp dir not removed: null
Sep-30 18:53:44.881 [Actor Thread 27] INFO  nextflow.processor.TaskProcessor - [f7/12f3b5] Cached process > NFCORE_RNASEQ:RNASEQ:FASTQ_QC_TRIM_FILTER_SETSTRANDEDNESS:FQ_LINT_AFTER_TRIMMING (SRX19144488)
Sep-30 18:53:44.899 [Actor Thread 15] INFO  nextflow.processor.TaskProcessor - [78/80f619] Cached process > NFCORE_RNASEQ:RNASEQ:FASTQ_QC_TRIM_FILTER_SETSTRANDEDNESS:FQ_LINT_AFTER_TRIMMING (SRX19144486)
Sep-30 18:53:44.907 [Actor Thread 28] DEBUG nextflow.Nextflow - FQ/SUBSAMPLE found 2 FASTQ files
Sep-30 18:53:44.940 [Actor Thread 18] DEBUG nextflow.Nextflow - FQ/SUBSAMPLE found 2 FASTQ files
Sep-30 18:53:45.038 [Actor Thread 28] INFO  nextflow.processor.TaskProcessor - [68/7bf70e] Cached process > NFCORE_RNASEQ:RNASEQ:FASTQ_QC_TRIM_FILTER_SETSTRANDEDNESS:FASTQ_SUBSAMPLE_FQ_SALMON:FQ_SUBSAMPLE (SRX19144488)
Sep-30 18:53:45.057 [Actor Thread 18] INFO  nextflow.processor.TaskProcessor - [a7/aaf628] Cached process > NFCORE_RNASEQ:RNASEQ:FASTQ_QC_TRIM_FILTER_SETSTRANDEDNESS:FASTQ_SUBSAMPLE_FQ_SALMON:FQ_SUBSAMPLE (SRX19144486)
Sep-30 18:53:45.124 [FileTransfer-1] DEBUG nextflow.file.FilePorter - Local cache found for foreign file https://ftp.ensembl.org/pub/release-102/fasta/mus_musculus/dna/Mus_musculus.GRCm38.dna.chromosome.19.fa.gz at /mnt/d/Bioinformatik_MSc_alt/CW_BMD/work/OUTDIR/Day_2/stage-c8ef45ee-4911-41f9-9cfe-913f599dc54e/9c/24198b3cf381a2f3928b75da847a4c/Mus_musculus.GRCm38.dna.chromosome.19.fa.gz
Sep-30 18:53:45.145 [FileTransfer-2] DEBUG nextflow.file.FilePorter - Local cache found for foreign file https://ftp.ensembl.org/pub/release-102/gtf/mus_musculus/Mus_musculus.GRCm38.102.gtf.gz at /mnt/d/Bioinformatik_MSc_alt/CW_BMD/work/OUTDIR/Day_2/stage-c8ef45ee-4911-41f9-9cfe-913f599dc54e/8a/579d4eea61d025dcaac9128fbd157a/Mus_musculus.GRCm38.102.gtf.gz
Sep-30 18:53:45.310 [Actor Thread 6] INFO  nextflow.processor.TaskProcessor - [d4/96e68e] Cached process > NFCORE_RNASEQ:PREPARE_GENOME_REFERENCES:GUNZIP_FASTA (Mus_musculus.GRCm38.dna.chromosome.19.fa.gz)
Sep-30 18:53:45.323 [Actor Thread 12] INFO  nextflow.processor.TaskProcessor - [7a/d51509] Cached process > NFCORE_RNASEQ:PREPARE_GENOME_REFERENCES:GUNZIP_GTF (Mus_musculus.GRCm38.102.gtf.gz)
Sep-30 18:53:45.462 [Actor Thread 27] INFO  nextflow.processor.TaskProcessor - [e8/80dda8] Cached process > NFCORE_RNASEQ:PREPARE_GENOME_REFERENCES:CUSTOM_GTFFILTER (Mus_musculus.GRCm38.102.filtered)
Sep-30 18:53:45.550 [Actor Thread 7] INFO  nextflow.processor.TaskProcessor - [cb/2bef0b] Cached process > NFCORE_RNASEQ:PREPARE_GENOME_REFERENCES:EAUTILS_GTF2BED (Mus_musculus.GRCm38.102.filtered)
Sep-30 18:53:45.616 [Actor Thread 20] INFO  nextflow.processor.TaskProcessor - [85/323869] Cached process > NFCORE_RNASEQ:PREPARE_GENOME_REFERENCES:SAMTOOLS_FAIDX (Mus_musculus.GRCm38.dna.chromosome.19.fa)
Sep-30 18:53:45.616 [Actor Thread 1] INFO  nextflow.processor.TaskProcessor - [a4/1c6669] Cached process > NFCORE_RNASEQ:PREPARE_GENOME_INDICES:HISAT2_EXTRACTSPLICESITES (null)
Sep-30 18:53:45.626 [Actor Thread 20] DEBUG nextflow.processor.TaskProcessor - Process NFCORE_RNASEQ:PREPARE_GENOME_REFERENCES:SAMTOOLS_FAIDX > Skipping output binding because one or more optional files are missing: fileoutparam<0:1>
Sep-30 18:53:45.627 [Actor Thread 20] DEBUG nextflow.processor.TaskProcessor - Process NFCORE_RNASEQ:PREPARE_GENOME_REFERENCES:SAMTOOLS_FAIDX > Skipping output binding because one or more optional files are missing: fileoutparam<3:1>
Sep-30 18:53:45.659 [Actor Thread 17] INFO  nextflow.processor.TaskProcessor - [76/e012e7] Cached process > NFCORE_RNASEQ:PREPARE_GENOME_REFERENCES:MAKE_TRANSCRIPTS_FASTA (rsem/Mus_musculus.GRCm38.dna.chromosome.19.fa)
Sep-30 18:53:45.673 [Actor Thread 10] INFO  nextflow.Nextflow - [HISAT2 index build] Only 12 GB available (< 200 GB threshold), so NOT using splice sites and exons to build HISAT2 index.
Sep-30 18:53:45.674 [Actor Thread 10] INFO  nextflow.Nextflow - [HISAT2 index build] Increase memory allocation or lower --hisat2_build_memory to enable splice-aware indexing.
Sep-30 18:53:45.734 [Actor Thread 1] INFO  nextflow.processor.TaskProcessor - [a7/f8174c] Cached process > NFCORE_RNASEQ:RNASEQ:FASTQ_QC_TRIM_FILTER_SETSTRANDEDNESS:FASTQ_SUBSAMPLE_FQ_SALMON:SALMON_INDEX (null)
Sep-30 18:53:45.734 [Actor Thread 10] INFO  nextflow.processor.TaskProcessor - [aa/90c226] Cached process > NFCORE_RNASEQ:PREPARE_GENOME_INDICES:HISAT2_BUILD (null)
Sep-30 18:53:45.943 [Actor Thread 17] INFO  nextflow.processor.TaskProcessor - [76/ea3a9f] Cached process > NFCORE_RNASEQ:RNASEQ:FASTQ_QC_TRIM_FILTER_SETSTRANDEDNESS:FASTQ_SUBSAMPLE_FQ_SALMON:SALMON_QUANT (SRX19144488)
Sep-30 18:53:45.943 [Actor Thread 14] INFO  nextflow.processor.TaskProcessor - [95/20f6df] Cached process > NFCORE_RNASEQ:RNASEQ:FASTQ_QC_TRIM_FILTER_SETSTRANDEDNESS:FASTQ_SUBSAMPLE_FQ_SALMON:SALMON_QUANT (SRX19144486)
Sep-30 18:53:46.172 [Task submitter] DEBUG n.executor.local.LocalTaskHandler - Launch cmd line: /bin/bash -ue .command.run
Sep-30 18:53:46.176 [Task submitter] INFO  nextflow.Session - [a2/42d82d] Submitted process > NFCORE_RNASEQ:RNASEQ:FASTQ_ALIGN_HISAT2:HISAT2_ALIGN (SRX19144486)
Sep-30 18:58:31.791 [Task monitor] DEBUG n.processor.TaskPollingMonitor - !! executor local > tasks to be completed: 1 -- submitted tasks are shown below
~> TaskHandler[id: 22; name: NFCORE_RNASEQ:RNASEQ:FASTQ_ALIGN_HISAT2:HISAT2_ALIGN (SRX19144486); status: RUNNING; exit: -; error: -; workDir: /mnt/d/Bioinformatik_MSc_alt/CW_BMD/work/OUTDIR/Day_2/a2/42d82d3de98e57b6d846d9780af458]
Sep-30 19:01:45.798 [Task monitor] DEBUG n.processor.TaskPollingMonitor - Task completed > TaskHandler[id: 22; name: NFCORE_RNASEQ:RNASEQ:FASTQ_ALIGN_HISAT2:HISAT2_ALIGN (SRX19144486); status: COMPLETED; exit: 0; error: -; workDir: /mnt/d/Bioinformatik_MSc_alt/CW_BMD/work/OUTDIR/Day_2/a2/42d82d3de98e57b6d846d9780af458]
Sep-30 19:01:45.800 [Task monitor] DEBUG nextflow.util.ThreadPoolBuilder - Creating thread pool 'TaskFinalizer' minSize=10; maxSize=24; workQueue=LinkedBlockingQueue[-1]; allowCoreThreadTimeout=false
Sep-30 19:01:45.999 [TaskFinalizer-1] DEBUG nextflow.processor.TaskProcessor - Process NFCORE_RNASEQ:RNASEQ:FASTQ_ALIGN_HISAT2:HISAT2_ALIGN > Skipping output binding because one or more optional files are missing: fileoutparam<2:1>
Sep-30 19:01:46.090 [Task submitter] DEBUG n.executor.local.LocalTaskHandler - Launch cmd line: /bin/bash -ue .command.run
Sep-30 19:01:46.092 [Task submitter] INFO  nextflow.Session - [f6/34bdb8] Submitted process > NFCORE_RNASEQ:RNASEQ:FASTQ_ALIGN_HISAT2:BAM_SORT_STATS_SAMTOOLS:SAMTOOLS_SORT (SRX19144486)
Sep-30 19:02:13.682 [Task monitor] DEBUG n.processor.TaskPollingMonitor - Task completed > TaskHandler[id: 23; name: NFCORE_RNASEQ:RNASEQ:FASTQ_ALIGN_HISAT2:BAM_SORT_STATS_SAMTOOLS:SAMTOOLS_SORT (SRX19144486); status: COMPLETED; exit: 0; error: -; workDir: /mnt/d/Bioinformatik_MSc_alt/CW_BMD/work/OUTDIR/Day_2/f6/34bdb8162dc4be46ee7b1e2d04d8f1]
Sep-30 19:02:13.690 [TaskFinalizer-2] DEBUG n.processor.TaskFileCollector - Process `NFCORE_RNASEQ:RNASEQ:FASTQ_ALIGN_HISAT2:BAM_SORT_STATS_SAMTOOLS:SAMTOOLS_SORT (SRX19144486)` is unable to find [UnixPath]: `/mnt/d/Bioinformatik_MSc_alt/CW_BMD/work/OUTDIR/Day_2/f6/34bdb8162dc4be46ee7b1e2d04d8f1/SRX19144486.sorted.cram` (pattern: `SRX19144486.sorted.cram`)
Sep-30 19:02:13.693 [TaskFinalizer-2] DEBUG n.processor.TaskFileCollector - Process `NFCORE_RNASEQ:RNASEQ:FASTQ_ALIGN_HISAT2:BAM_SORT_STATS_SAMTOOLS:SAMTOOLS_SORT (SRX19144486)` is unable to find [UnixPath]: `/mnt/d/Bioinformatik_MSc_alt/CW_BMD/work/OUTDIR/Day_2/f6/34bdb8162dc4be46ee7b1e2d04d8f1/SRX19144486.sorted.sam` (pattern: `SRX19144486.sorted.sam`)
Sep-30 19:02:13.753 [TaskFinalizer-2] DEBUG nextflow.processor.TaskProcessor - Process NFCORE_RNASEQ:RNASEQ:FASTQ_ALIGN_HISAT2:BAM_SORT_STATS_SAMTOOLS:SAMTOOLS_SORT > Skipping output binding because one or more optional files are missing: fileoutparam<1:1>
Sep-30 19:02:13.754 [TaskFinalizer-2] DEBUG nextflow.processor.TaskProcessor - Process NFCORE_RNASEQ:RNASEQ:FASTQ_ALIGN_HISAT2:BAM_SORT_STATS_SAMTOOLS:SAMTOOLS_SORT > Skipping output binding because one or more optional files are missing: fileoutparam<2:1>
Sep-30 19:02:13.754 [TaskFinalizer-2] DEBUG nextflow.processor.TaskProcessor - Process NFCORE_RNASEQ:RNASEQ:FASTQ_ALIGN_HISAT2:BAM_SORT_STATS_SAMTOOLS:SAMTOOLS_SORT > Skipping output binding because one or more optional files are missing: fileoutparam<3:1>
Sep-30 19:02:13.836 [Task submitter] DEBUG n.executor.local.LocalTaskHandler - Launch cmd line: /bin/bash -ue .command.run
Sep-30 19:02:13.837 [Task submitter] INFO  nextflow.Session - [69/55c77b] Submitted process > NFCORE_RNASEQ:RNASEQ:FASTQ_ALIGN_HISAT2:BAM_SORT_STATS_SAMTOOLS:SAMTOOLS_INDEX (SRX19144486)
Sep-30 19:02:22.074 [Task monitor] DEBUG n.processor.TaskPollingMonitor - Task completed > TaskHandler[id: 24; name: NFCORE_RNASEQ:RNASEQ:FASTQ_ALIGN_HISAT2:BAM_SORT_STATS_SAMTOOLS:SAMTOOLS_INDEX (SRX19144486); status: COMPLETED; exit: 0; error: -; workDir: /mnt/d/Bioinformatik_MSc_alt/CW_BMD/work/OUTDIR/Day_2/69/55c77b38cdbef6b597b74c4ea300bf]
Sep-30 19:02:22.138 [Actor Thread 32] DEBUG nextflow.file.SortFileCollector - FileCollector temp dir not removed: null
Sep-30 19:02:22.215 [Actor Thread 28] DEBUG nextflow.sort.BigSort - Sort completed -- entries: 1; slices: 1; internal sort time: 0.0 s; external sort time: 0.006 s; total time: 0.006 s
Sep-30 19:02:22.216 [Task submitter] DEBUG n.executor.local.LocalTaskHandler - Launch cmd line: /bin/bash -ue .command.run
Sep-30 19:02:22.217 [Task submitter] INFO  nextflow.Session - [c9/048df1] Submitted process > NFCORE_RNASEQ:RNASEQ:FASTQ_ALIGN_HISAT2:BAM_SORT_STATS_SAMTOOLS:BAM_STATS_SAMTOOLS:SAMTOOLS_FLAGSTAT (SRX19144486)
Sep-30 19:02:22.226 [Actor Thread 28] DEBUG nextflow.file.FileCollector - >> temp file exists? false
Sep-30 19:02:22.233 [Actor Thread 28] DEBUG nextflow.file.FileCollector - Missed collect-file cache -- cause: java.nio.file.NoSuchFileException: /mnt/d/Bioinformatik_MSc_alt/CW_BMD/work/OUTDIR/Day_2/collect-file/1f1397d06a7191644e753fea4b475707
Sep-30 19:02:22.260 [Task submitter] DEBUG n.executor.local.LocalTaskHandler - Launch cmd line: /bin/bash -ue .command.run
Sep-30 19:02:22.261 [Task submitter] INFO  nextflow.Session - [2c/74a2e1] Submitted process > NFCORE_RNASEQ:RNASEQ:FASTQ_ALIGN_HISAT2:BAM_SORT_STATS_SAMTOOLS:BAM_STATS_SAMTOOLS:SAMTOOLS_IDXSTATS (SRX19144486)
Sep-30 19:02:22.310 [Actor Thread 28] DEBUG nextflow.file.FileCollector - Saved collect-files list to: /mnt/d/Bioinformatik_MSc_alt/CW_BMD/work/OUTDIR/Day_2/collect-file/1f1397d06a7191644e753fea4b475707
Sep-30 19:02:22.314 [Actor Thread 28] DEBUG nextflow.file.FileCollector - Deleting file collector temp dir: /tmp/nxf-1957040535007130295
Sep-30 19:02:23.372 [Task monitor] DEBUG n.processor.TaskPollingMonitor - Task completed > TaskHandler[id: 27; name: NFCORE_RNASEQ:RNASEQ:FASTQ_ALIGN_HISAT2:BAM_SORT_STATS_SAMTOOLS:BAM_STATS_SAMTOOLS:SAMTOOLS_IDXSTATS (SRX19144486); status: COMPLETED; exit: 0; error: -; workDir: /mnt/d/Bioinformatik_MSc_alt/CW_BMD/work/OUTDIR/Day_2/2c/74a2e157de68c3ccede02506d1c0f9]
Sep-30 19:02:23.395 [Task submitter] DEBUG n.executor.local.LocalTaskHandler - Launch cmd line: /bin/bash -ue .command.run
Sep-30 19:02:23.396 [Task submitter] INFO  nextflow.Session - [42/c0b554] Submitted process > NFCORE_RNASEQ:RNASEQ:FASTQ_ALIGN_HISAT2:BAM_SORT_STATS_SAMTOOLS:BAM_STATS_SAMTOOLS:SAMTOOLS_STATS (SRX19144486)
Sep-30 19:02:30.536 [Task monitor] DEBUG n.processor.TaskPollingMonitor - Task completed > TaskHandler[id: 26; name: NFCORE_RNASEQ:RNASEQ:FASTQ_ALIGN_HISAT2:BAM_SORT_STATS_SAMTOOLS:BAM_STATS_SAMTOOLS:SAMTOOLS_FLAGSTAT (SRX19144486); status: COMPLETED; exit: 0; error: -; workDir: /mnt/d/Bioinformatik_MSc_alt/CW_BMD/work/OUTDIR/Day_2/c9/048df1fc0bab83abfb60473f72c5c0]
Sep-30 19:02:31.754 [Task monitor] DEBUG n.processor.TaskPollingMonitor - Task completed > TaskHandler[id: 25; name: NFCORE_RNASEQ:RNASEQ:FASTQ_ALIGN_HISAT2:BAM_SORT_STATS_SAMTOOLS:BAM_STATS_SAMTOOLS:SAMTOOLS_STATS (SRX19144486); status: COMPLETED; exit: 0; error: -; workDir: /mnt/d/Bioinformatik_MSc_alt/CW_BMD/work/OUTDIR/Day_2/42/c0b5549c2affdd3f9a8f0439f11f40]
Sep-30 19:02:31.780 [Task submitter] DEBUG n.executor.local.LocalTaskHandler - Launch cmd line: /bin/bash -ue .command.run
Sep-30 19:02:31.781 [Task submitter] INFO  nextflow.Session - [b6/f6f01a] Submitted process > NFCORE_RNASEQ:RNASEQ:BAM_MARKDUPLICATES_PICARD:PICARD_MARKDUPLICATES (SRX19144486)
Sep-30 19:03:31.881 [Task monitor] DEBUG n.processor.TaskPollingMonitor - !! executor local > tasks to be completed: 1 -- submitted tasks are shown below
~> TaskHandler[id: 28; name: NFCORE_RNASEQ:RNASEQ:BAM_MARKDUPLICATES_PICARD:PICARD_MARKDUPLICATES (SRX19144486); status: RUNNING; exit: -; error: -; workDir: /mnt/d/Bioinformatik_MSc_alt/CW_BMD/work/OUTDIR/Day_2/b6/f6f01abb6b59c99055e03d45a23e0a]
Sep-30 19:05:54.412 [Task monitor] DEBUG n.processor.TaskPollingMonitor - Task completed > TaskHandler[id: 28; name: NFCORE_RNASEQ:RNASEQ:BAM_MARKDUPLICATES_PICARD:PICARD_MARKDUPLICATES (SRX19144486); status: COMPLETED; exit: 0; error: -; workDir: /mnt/d/Bioinformatik_MSc_alt/CW_BMD/work/OUTDIR/Day_2/b6/f6f01abb6b59c99055e03d45a23e0a]
Sep-30 19:05:54.915 [TaskFinalizer-7] DEBUG nextflow.processor.TaskProcessor - Process NFCORE_RNASEQ:RNASEQ:BAM_MARKDUPLICATES_PICARD:PICARD_MARKDUPLICATES > Skipping output binding because one or more optional files are missing: fileoutparam<1:1>
Sep-30 19:05:54.915 [TaskFinalizer-7] DEBUG nextflow.processor.TaskProcessor - Process NFCORE_RNASEQ:RNASEQ:BAM_MARKDUPLICATES_PICARD:PICARD_MARKDUPLICATES > Skipping output binding because one or more optional files are missing: fileoutparam<2:1>
Sep-30 19:05:55.373 [Task submitter] DEBUG n.executor.local.LocalTaskHandler - Launch cmd line: /bin/bash -ue .command.run
Sep-30 19:05:55.376 [Task submitter] INFO  nextflow.Session - [83/12a27b] Submitted process > NFCORE_RNASEQ:RNASEQ:BAM_MARKDUPLICATES_PICARD:SAMTOOLS_INDEX (SRX19144486)
Sep-30 19:06:03.660 [Task monitor] DEBUG n.processor.TaskPollingMonitor - Task completed > TaskHandler[id: 29; name: NFCORE_RNASEQ:RNASEQ:BAM_MARKDUPLICATES_PICARD:SAMTOOLS_INDEX (SRX19144486); status: COMPLETED; exit: 0; error: -; workDir: /mnt/d/Bioinformatik_MSc_alt/CW_BMD/work/OUTDIR/Day_2/83/12a27b8b6acc4f46068e7d584f697c]
Sep-30 19:06:03.764 [Task submitter] DEBUG n.executor.local.LocalTaskHandler - Launch cmd line: /bin/bash -ue .command.run
Sep-30 19:06:03.765 [Task submitter] INFO  nextflow.Session - [57/d1406f] Submitted process > NFCORE_RNASEQ:RNASEQ:BEDTOOLS_GENOMECOV_FW (SRX19144486)
Sep-30 19:06:03.869 [Task submitter] DEBUG n.executor.local.LocalTaskHandler - Launch cmd line: /bin/bash -ue .command.run
Sep-30 19:06:03.872 [Task submitter] INFO  nextflow.Session - [37/05827f] Submitted process > NFCORE_RNASEQ:RNASEQ:BEDTOOLS_GENOMECOV_REV (SRX19144486)
Sep-30 19:06:41.483 [Task monitor] DEBUG n.processor.TaskPollingMonitor - Task completed > TaskHandler[id: 33; name: NFCORE_RNASEQ:RNASEQ:BEDTOOLS_GENOMECOV_FW (SRX19144486); status: COMPLETED; exit: 0; error: -; workDir: /mnt/d/Bioinformatik_MSc_alt/CW_BMD/work/OUTDIR/Day_2/57/d1406f37602e44cf3f5d6e800c54d4]
Sep-30 19:06:41.601 [Task submitter] DEBUG n.executor.local.LocalTaskHandler - Launch cmd line: /bin/bash -ue .command.run
Sep-30 19:06:41.602 [Task submitter] INFO  nextflow.Session - [0e/17975f] Submitted process > NFCORE_RNASEQ:RNASEQ:BEDTOOLS_GENOMECOV_COMBINED (SRX19144486)
Sep-30 19:06:42.567 [Task monitor] DEBUG n.processor.TaskPollingMonitor - Task completed > TaskHandler[id: 32; name: NFCORE_RNASEQ:RNASEQ:BEDTOOLS_GENOMECOV_REV (SRX19144486); status: COMPLETED; exit: 0; error: -; workDir: /mnt/d/Bioinformatik_MSc_alt/CW_BMD/work/OUTDIR/Day_2/37/05827fe53ee9384b13004cefa39b3d]
Sep-30 19:06:42.601 [Task submitter] DEBUG n.executor.local.LocalTaskHandler - Launch cmd line: /bin/bash -ue .command.run
Sep-30 19:06:42.603 [Task submitter] INFO  nextflow.Session - [1d/be9062] Submitted process > NFCORE_RNASEQ:RNASEQ:BAM_MARKDUPLICATES_PICARD:BAM_STATS_SAMTOOLS:SAMTOOLS_IDXSTATS (SRX19144486)
Sep-30 19:06:43.669 [Task monitor] DEBUG n.processor.TaskPollingMonitor - Task completed > TaskHandler[id: 35; name: NFCORE_RNASEQ:RNASEQ:BAM_MARKDUPLICATES_PICARD:BAM_STATS_SAMTOOLS:SAMTOOLS_IDXSTATS (SRX19144486); status: COMPLETED; exit: 0; error: -; workDir: /mnt/d/Bioinformatik_MSc_alt/CW_BMD/work/OUTDIR/Day_2/1d/be9062631dfc16292721fc97711fc9]
Sep-30 19:06:43.707 [Task submitter] DEBUG n.executor.local.LocalTaskHandler - Launch cmd line: /bin/bash -ue .command.run
Sep-30 19:06:43.707 [Task submitter] INFO  nextflow.Session - [6b/3b1a1c] Submitted process > NFCORE_RNASEQ:RNASEQ:BAM_MARKDUPLICATES_PICARD:BAM_STATS_SAMTOOLS:SAMTOOLS_FLAGSTAT (SRX19144486)
Sep-30 19:06:50.133 [Task monitor] DEBUG n.processor.TaskPollingMonitor - Task completed > TaskHandler[id: 34; name: NFCORE_RNASEQ:RNASEQ:BAM_MARKDUPLICATES_PICARD:BAM_STATS_SAMTOOLS:SAMTOOLS_FLAGSTAT (SRX19144486); status: COMPLETED; exit: 0; error: -; workDir: /mnt/d/Bioinformatik_MSc_alt/CW_BMD/work/OUTDIR/Day_2/6b/3b1a1cbae8e4f71cc9c406cc6ed166]
Sep-30 19:06:50.168 [Task submitter] DEBUG n.executor.local.LocalTaskHandler - Launch cmd line: /bin/bash -ue .command.run
Sep-30 19:06:50.169 [Task submitter] INFO  nextflow.Session - [e2/e78946] Submitted process > NFCORE_RNASEQ:RNASEQ:BAM_MARKDUPLICATES_PICARD:BAM_STATS_SAMTOOLS:SAMTOOLS_STATS (SRX19144486)
Sep-30 19:06:58.650 [Task monitor] DEBUG n.processor.TaskPollingMonitor - Task completed > TaskHandler[id: 30; name: NFCORE_RNASEQ:RNASEQ:BEDTOOLS_GENOMECOV_COMBINED (SRX19144486); status: COMPLETED; exit: 0; error: -; workDir: /mnt/d/Bioinformatik_MSc_alt/CW_BMD/work/OUTDIR/Day_2/0e/17975fa0a7b6c1ccbd01024147a258]
Sep-30 19:06:58.682 [Task submitter] DEBUG n.executor.local.LocalTaskHandler - Launch cmd line: /bin/bash -ue .command.run
Sep-30 19:06:58.683 [Task submitter] INFO  nextflow.Session - [c7/c841a7] Submitted process > NFCORE_RNASEQ:RNASEQ:BAM_QC_RNASEQ:DUPRADAR (SRX19144486)
Sep-30 19:06:58.958 [Task monitor] DEBUG n.processor.TaskPollingMonitor - Task completed > TaskHandler[id: 36; name: NFCORE_RNASEQ:RNASEQ:BAM_MARKDUPLICATES_PICARD:BAM_STATS_SAMTOOLS:SAMTOOLS_STATS (SRX19144486); status: COMPLETED; exit: 0; error: -; workDir: /mnt/d/Bioinformatik_MSc_alt/CW_BMD/work/OUTDIR/Day_2/e2/e78946b1cc1c164df90f031bea92a8]
Sep-30 19:07:22.994 [Task submitter] DEBUG n.processor.TaskPollingMonitor - %% executor local > tasks in the submission queue: 13 -- tasks to be submitted are shown below
~> TaskHandler[id: 31; name: NFCORE_RNASEQ:RNASEQ:STRINGTIE_STRINGTIE (SRX19144486); status: NEW; exit: -; error: -; workDir: /mnt/d/Bioinformatik_MSc_alt/CW_BMD/work/OUTDIR/Day_2/bf/84ba26b7dba09afaf35a67baab5860]
~> TaskHandler[id: 45; name: NFCORE_RNASEQ:RNASEQ:BAM_QC_RNASEQ:BAM_RSEQC:RSEQC_READDUPLICATION (SRX19144486); status: NEW; exit: -; error: -; workDir: /mnt/d/Bioinformatik_MSc_alt/CW_BMD/work/OUTDIR/Day_2/bf/b1f0e0c1b819505bda3561e5ddca79]
~> TaskHandler[id: 43; name: NFCORE_RNASEQ:RNASEQ:BAM_QC_RNASEQ:BAM_RSEQC:RSEQC_READDISTRIBUTION (SRX19144486); status: NEW; exit: -; error: -; workDir: /mnt/d/Bioinformatik_MSc_alt/CW_BMD/work/OUTDIR/Day_2/a5/052dbb49ace528f58ce0d98b1fa5d8]
~> TaskHandler[id: 42; name: NFCORE_RNASEQ:RNASEQ:BAM_QC_RNASEQ:BAM_RSEQC:RSEQC_INNERDISTANCE (SRX19144486); status: NEW; exit: -; error: -; workDir: /mnt/d/Bioinformatik_MSc_alt/CW_BMD/work/OUTDIR/Day_2/76/c154c3d850f335abeddae169fbacef]
~> TaskHandler[id: 44; name: NFCORE_RNASEQ:RNASEQ:BAM_QC_RNASEQ:BAM_RSEQC:RSEQC_BAMSTAT (SRX19144486); status: NEW; exit: -; error: -; workDir: /mnt/d/Bioinformatik_MSc_alt/CW_BMD/work/OUTDIR/Day_2/72/2c1c9bd01992864143a9b3d1c217ce]
~> TaskHandler[id: 40; name: NFCORE_RNASEQ:RNASEQ:BAM_QC_RNASEQ:BAM_RSEQC:RSEQC_JUNCTIONSATURATION (SRX19144486); status: NEW; exit: -; error: -; workDir: /mnt/d/Bioinformatik_MSc_alt/CW_BMD/work/OUTDIR/Day_2/dd/fbee381a1fcf4851672cd035ebb13c]
~> TaskHandler[id: 39; name: NFCORE_RNASEQ:RNASEQ:BAM_QC_RNASEQ:BAM_RSEQC:RSEQC_INFEREXPERIMENT (SRX19144486); status: NEW; exit: -; error: -; workDir: /mnt/d/Bioinformatik_MSc_alt/CW_BMD/work/OUTDIR/Day_2/32/6ee162186ffc047b17e474b0ac4216]
~> TaskHandler[id: 37; name: NFCORE_RNASEQ:RNASEQ:BAM_QC_RNASEQ:SAMTOOLS_SORT_QUALIMAP (SRX19144486); status: NEW; exit: -; error: -; workDir: /mnt/d/Bioinformatik_MSc_alt/CW_BMD/work/OUTDIR/Day_2/23/311daa3b8dad8d2aeea333f2819243]
~> TaskHandler[id: 46; name: NFCORE_RNASEQ:RNASEQ:BAM_QC_RNASEQ:SUBREAD_FEATURECOUNTS (SRX19144486); status: NEW; exit: -; error: -; workDir: /mnt/d/Bioinformatik_MSc_alt/CW_BMD/work/OUTDIR/Day_2/65/f9f926805384adeae5b8ae0370cbaf]
~> TaskHandler[id: 38; name: NFCORE_RNASEQ:RNASEQ:BAM_QC_RNASEQ:BAM_RSEQC:RSEQC_JUNCTIONANNOTATION (SRX19144486); status: NEW; exit: -; error: -; workDir: /mnt/d/Bioinformatik_MSc_alt/CW_BMD/work/OUTDIR/Day_2/c7/3f8829ae2054786e63da1230162549]
.. remaining tasks omitted.
Sep-30 19:08:31.946 [Task monitor] DEBUG n.processor.TaskPollingMonitor - !! executor local > tasks to be completed: 1 -- submitted tasks are shown below
~> TaskHandler[id: 41; name: NFCORE_RNASEQ:RNASEQ:BAM_QC_RNASEQ:DUPRADAR (SRX19144486); status: RUNNING; exit: -; error: -; workDir: /mnt/d/Bioinformatik_MSc_alt/CW_BMD/work/OUTDIR/Day_2/c7/c841a79a6c0cf1cb3c042a83ae7828]
Sep-30 19:09:26.802 [Task monitor] DEBUG n.processor.TaskPollingMonitor - Task completed > TaskHandler[id: 41; name: NFCORE_RNASEQ:RNASEQ:BAM_QC_RNASEQ:DUPRADAR (SRX19144486); status: COMPLETED; exit: 0; error: -; workDir: /mnt/d/Bioinformatik_MSc_alt/CW_BMD/work/OUTDIR/Day_2/c7/c841a79a6c0cf1cb3c042a83ae7828]
Sep-30 19:09:26.885 [Task submitter] DEBUG n.executor.local.LocalTaskHandler - Launch cmd line: /bin/bash -ue .command.run
Sep-30 19:09:26.886 [Task submitter] INFO  nextflow.Session - [bf/84ba26] Submitted process > NFCORE_RNASEQ:RNASEQ:STRINGTIE_STRINGTIE (SRX19144486)
Sep-30 19:10:13.279 [Task monitor] DEBUG n.processor.TaskPollingMonitor - Task completed > TaskHandler[id: 31; name: NFCORE_RNASEQ:RNASEQ:STRINGTIE_STRINGTIE (SRX19144486); status: COMPLETED; exit: 0; error: -; workDir: /mnt/d/Bioinformatik_MSc_alt/CW_BMD/work/OUTDIR/Day_2/bf/84ba26b7dba09afaf35a67baab5860]
Sep-30 19:10:13.316 [Task submitter] DEBUG n.executor.local.LocalTaskHandler - Launch cmd line: /bin/bash -ue .command.run
Sep-30 19:10:13.317 [Task submitter] INFO  nextflow.Session - [bf/b1f0e0] Submitted process > NFCORE_RNASEQ:RNASEQ:BAM_QC_RNASEQ:BAM_RSEQC:RSEQC_READDUPLICATION (SRX19144486)
Sep-30 19:12:23.702 [Task submitter] DEBUG n.processor.TaskPollingMonitor - %% executor local > tasks in the submission queue: 11 -- tasks to be submitted are shown below
~> TaskHandler[id: 43; name: NFCORE_RNASEQ:RNASEQ:BAM_QC_RNASEQ:BAM_RSEQC:RSEQC_READDISTRIBUTION (SRX19144486); status: NEW; exit: -; error: -; workDir: /mnt/d/Bioinformatik_MSc_alt/CW_BMD/work/OUTDIR/Day_2/a5/052dbb49ace528f58ce0d98b1fa5d8]
~> TaskHandler[id: 42; name: NFCORE_RNASEQ:RNASEQ:BAM_QC_RNASEQ:BAM_RSEQC:RSEQC_INNERDISTANCE (SRX19144486); status: NEW; exit: -; error: -; workDir: /mnt/d/Bioinformatik_MSc_alt/CW_BMD/work/OUTDIR/Day_2/76/c154c3d850f335abeddae169fbacef]
~> TaskHandler[id: 44; name: NFCORE_RNASEQ:RNASEQ:BAM_QC_RNASEQ:BAM_RSEQC:RSEQC_BAMSTAT (SRX19144486); status: NEW; exit: -; error: -; workDir: /mnt/d/Bioinformatik_MSc_alt/CW_BMD/work/OUTDIR/Day_2/72/2c1c9bd01992864143a9b3d1c217ce]
~> TaskHandler[id: 40; name: NFCORE_RNASEQ:RNASEQ:BAM_QC_RNASEQ:BAM_RSEQC:RSEQC_JUNCTIONSATURATION (SRX19144486); status: NEW; exit: -; error: -; workDir: /mnt/d/Bioinformatik_MSc_alt/CW_BMD/work/OUTDIR/Day_2/dd/fbee381a1fcf4851672cd035ebb13c]
~> TaskHandler[id: 39; name: NFCORE_RNASEQ:RNASEQ:BAM_QC_RNASEQ:BAM_RSEQC:RSEQC_INFEREXPERIMENT (SRX19144486); status: NEW; exit: -; error: -; workDir: /mnt/d/Bioinformatik_MSc_alt/CW_BMD/work/OUTDIR/Day_2/32/6ee162186ffc047b17e474b0ac4216]
~> TaskHandler[id: 37; name: NFCORE_RNASEQ:RNASEQ:BAM_QC_RNASEQ:SAMTOOLS_SORT_QUALIMAP (SRX19144486); status: NEW; exit: -; error: -; workDir: /mnt/d/Bioinformatik_MSc_alt/CW_BMD/work/OUTDIR/Day_2/23/311daa3b8dad8d2aeea333f2819243]
~> TaskHandler[id: 46; name: NFCORE_RNASEQ:RNASEQ:BAM_QC_RNASEQ:SUBREAD_FEATURECOUNTS (SRX19144486); status: NEW; exit: -; error: -; workDir: /mnt/d/Bioinformatik_MSc_alt/CW_BMD/work/OUTDIR/Day_2/65/f9f926805384adeae5b8ae0370cbaf]
~> TaskHandler[id: 38; name: NFCORE_RNASEQ:RNASEQ:BAM_QC_RNASEQ:BAM_RSEQC:RSEQC_JUNCTIONANNOTATION (SRX19144486); status: NEW; exit: -; error: -; workDir: /mnt/d/Bioinformatik_MSc_alt/CW_BMD/work/OUTDIR/Day_2/c7/3f8829ae2054786e63da1230162549]
~> TaskHandler[id: 47; name: NFCORE_RNASEQ:RNASEQ:BEDGRAPH_BEDCLIP_BEDGRAPHTOBIGWIG_FORWARD:UCSC_BEDCLIP (SRX19144486); status: NEW; exit: -; error: -; workDir: /mnt/d/Bioinformatik_MSc_alt/CW_BMD/work/OUTDIR/Day_2/75/40b2e0c573ef7c9e2350e5daf48189]
~> TaskHandler[id: 48; name: NFCORE_RNASEQ:RNASEQ:BEDGRAPH_BEDCLIP_BEDGRAPHTOBIGWIG_REVERSE:UCSC_BEDCLIP (SRX19144486); status: NEW; exit: -; error: -; workDir: /mnt/d/Bioinformatik_MSc_alt/CW_BMD/work/OUTDIR/Day_2/86/f924c8210bdc76289a6355827fb9af]
Sep-30 19:13:01.266 [Task monitor] DEBUG n.processor.TaskPollingMonitor - Task completed > TaskHandler[id: 45; name: NFCORE_RNASEQ:RNASEQ:BAM_QC_RNASEQ:BAM_RSEQC:RSEQC_READDUPLICATION (SRX19144486); status: COMPLETED; exit: 0; error: -; workDir: /mnt/d/Bioinformatik_MSc_alt/CW_BMD/work/OUTDIR/Day_2/bf/b1f0e0c1b819505bda3561e5ddca79]
Sep-30 19:13:01.293 [Task submitter] DEBUG n.executor.local.LocalTaskHandler - Launch cmd line: /bin/bash -ue .command.run
Sep-30 19:13:01.295 [Task submitter] INFO  nextflow.Session - [a5/052dbb] Submitted process > NFCORE_RNASEQ:RNASEQ:BAM_QC_RNASEQ:BAM_RSEQC:RSEQC_READDISTRIBUTION (SRX19144486)
Sep-30 19:13:15.885 [Task monitor] DEBUG n.processor.TaskPollingMonitor - Task completed > TaskHandler[id: 43; name: NFCORE_RNASEQ:RNASEQ:BAM_QC_RNASEQ:BAM_RSEQC:RSEQC_READDISTRIBUTION (SRX19144486); status: COMPLETED; exit: 0; error: -; workDir: /mnt/d/Bioinformatik_MSc_alt/CW_BMD/work/OUTDIR/Day_2/a5/052dbb49ace528f58ce0d98b1fa5d8]
Sep-30 19:13:15.921 [Task submitter] DEBUG n.executor.local.LocalTaskHandler - Launch cmd line: /bin/bash -ue .command.run
Sep-30 19:13:15.922 [Task submitter] INFO  nextflow.Session - [76/c154c3] Submitted process > NFCORE_RNASEQ:RNASEQ:BAM_QC_RNASEQ:BAM_RSEQC:RSEQC_INNERDISTANCE (SRX19144486)
Sep-30 19:13:31.948 [Task monitor] DEBUG n.processor.TaskPollingMonitor - !! executor local > tasks to be completed: 1 -- submitted tasks are shown below
~> TaskHandler[id: 42; name: NFCORE_RNASEQ:RNASEQ:BAM_QC_RNASEQ:BAM_RSEQC:RSEQC_INNERDISTANCE (SRX19144486); status: RUNNING; exit: -; error: -; workDir: /mnt/d/Bioinformatik_MSc_alt/CW_BMD/work/OUTDIR/Day_2/76/c154c3d850f335abeddae169fbacef]
Sep-30 19:13:37.490 [Task monitor] DEBUG n.processor.TaskPollingMonitor - Task completed > TaskHandler[id: 42; name: NFCORE_RNASEQ:RNASEQ:BAM_QC_RNASEQ:BAM_RSEQC:RSEQC_INNERDISTANCE (SRX19144486); status: COMPLETED; exit: 0; error: -; workDir: /mnt/d/Bioinformatik_MSc_alt/CW_BMD/work/OUTDIR/Day_2/76/c154c3d850f335abeddae169fbacef]
Sep-30 19:13:37.529 [Task submitter] DEBUG n.executor.local.LocalTaskHandler - Launch cmd line: /bin/bash -ue .command.run
Sep-30 19:13:37.532 [Task submitter] INFO  nextflow.Session - [72/2c1c9b] Submitted process > NFCORE_RNASEQ:RNASEQ:BAM_QC_RNASEQ:BAM_RSEQC:RSEQC_BAMSTAT (SRX19144486)
Sep-30 19:13:50.170 [Task monitor] DEBUG n.processor.TaskPollingMonitor - Task completed > TaskHandler[id: 44; name: NFCORE_RNASEQ:RNASEQ:BAM_QC_RNASEQ:BAM_RSEQC:RSEQC_BAMSTAT (SRX19144486); status: COMPLETED; exit: 0; error: -; workDir: /mnt/d/Bioinformatik_MSc_alt/CW_BMD/work/OUTDIR/Day_2/72/2c1c9bd01992864143a9b3d1c217ce]
Sep-30 19:13:50.197 [Task submitter] DEBUG n.executor.local.LocalTaskHandler - Launch cmd line: /bin/bash -ue .command.run
Sep-30 19:13:50.199 [Task submitter] INFO  nextflow.Session - [dd/fbee38] Submitted process > NFCORE_RNASEQ:RNASEQ:BAM_QC_RNASEQ:BAM_RSEQC:RSEQC_JUNCTIONSATURATION (SRX19144486)
Sep-30 19:14:02.192 [Task monitor] DEBUG n.processor.TaskPollingMonitor - Task completed > TaskHandler[id: 40; name: NFCORE_RNASEQ:RNASEQ:BAM_QC_RNASEQ:BAM_RSEQC:RSEQC_JUNCTIONSATURATION (SRX19144486); status: COMPLETED; exit: 0; error: -; workDir: /mnt/d/Bioinformatik_MSc_alt/CW_BMD/work/OUTDIR/Day_2/dd/fbee381a1fcf4851672cd035ebb13c]
Sep-30 19:14:02.305 [Task submitter] DEBUG n.executor.local.LocalTaskHandler - Launch cmd line: /bin/bash -ue .command.run
Sep-30 19:14:02.305 [Task submitter] INFO  nextflow.Session - [32/6ee162] Submitted process > NFCORE_RNASEQ:RNASEQ:BAM_QC_RNASEQ:BAM_RSEQC:RSEQC_INFEREXPERIMENT (SRX19144486)
Sep-30 19:14:10.130 [Task monitor] DEBUG n.processor.TaskPollingMonitor - Task completed > TaskHandler[id: 39; name: NFCORE_RNASEQ:RNASEQ:BAM_QC_RNASEQ:BAM_RSEQC:RSEQC_INFEREXPERIMENT (SRX19144486); status: COMPLETED; exit: 0; error: -; workDir: /mnt/d/Bioinformatik_MSc_alt/CW_BMD/work/OUTDIR/Day_2/32/6ee162186ffc047b17e474b0ac4216]
Sep-30 19:14:10.168 [Task submitter] DEBUG n.executor.local.LocalTaskHandler - Launch cmd line: /bin/bash -ue .command.run
Sep-30 19:14:10.169 [Task submitter] INFO  nextflow.Session - [23/311daa] Submitted process > NFCORE_RNASEQ:RNASEQ:BAM_QC_RNASEQ:SAMTOOLS_SORT_QUALIMAP (SRX19144486)
Sep-30 19:14:10.456 [Actor Thread 44] DEBUG nextflow.sort.BigSort - Sort completed -- entries: 1; slices: 1; internal sort time: 0.001 s; external sort time: 0.006 s; total time: 0.007 s
Sep-30 19:14:10.456 [Actor Thread 36] DEBUG nextflow.sort.BigSort - Sort completed -- entries: 1; slices: 1; internal sort time: 0.0 s; external sort time: 0.006 s; total time: 0.006 s
Sep-30 19:14:10.458 [Actor Thread 36] DEBUG nextflow.file.FileCollector - >> temp file exists? false
Sep-30 19:14:10.458 [Actor Thread 44] DEBUG nextflow.file.FileCollector - >> temp file exists? false
Sep-30 19:14:10.459 [Actor Thread 36] DEBUG nextflow.file.FileCollector - Missed collect-file cache -- cause: java.nio.file.NoSuchFileException: /mnt/d/Bioinformatik_MSc_alt/CW_BMD/work/OUTDIR/Day_2/collect-file/7f02603e39acb4a21947c88fedf839f0
Sep-30 19:14:10.459 [Actor Thread 44] DEBUG nextflow.file.FileCollector - Missed collect-file cache -- cause: java.nio.file.NoSuchFileException: /mnt/d/Bioinformatik_MSc_alt/CW_BMD/work/OUTDIR/Day_2/collect-file/fed6691ca5e14fed7fde43acc7a64a7e
Sep-30 19:14:10.492 [Actor Thread 36] DEBUG nextflow.file.FileCollector - Saved collect-files list to: /mnt/d/Bioinformatik_MSc_alt/CW_BMD/work/OUTDIR/Day_2/collect-file/7f02603e39acb4a21947c88fedf839f0
Sep-30 19:14:10.498 [Actor Thread 44] DEBUG nextflow.file.FileCollector - Saved collect-files list to: /mnt/d/Bioinformatik_MSc_alt/CW_BMD/work/OUTDIR/Day_2/collect-file/fed6691ca5e14fed7fde43acc7a64a7e
Sep-30 19:14:10.561 [Actor Thread 44] DEBUG nextflow.file.FileCollector - Deleting file collector temp dir: /tmp/nxf-14857851948811962326
Sep-30 19:14:10.564 [Actor Thread 36] DEBUG nextflow.file.FileCollector - Deleting file collector temp dir: /tmp/nxf-15070671375647929107
Sep-30 19:14:19.620 [Task monitor] DEBUG n.processor.TaskPollingMonitor - Task completed > TaskHandler[id: 37; name: NFCORE_RNASEQ:RNASEQ:BAM_QC_RNASEQ:SAMTOOLS_SORT_QUALIMAP (SRX19144486); status: COMPLETED; exit: 0; error: -; workDir: /mnt/d/Bioinformatik_MSc_alt/CW_BMD/work/OUTDIR/Day_2/23/311daa3b8dad8d2aeea333f2819243]
Sep-30 19:14:19.638 [TaskFinalizer-3] DEBUG n.processor.TaskFileCollector - Process `NFCORE_RNASEQ:RNASEQ:BAM_QC_RNASEQ:SAMTOOLS_SORT_QUALIMAP (SRX19144486)` is unable to find [UnixPath]: `/mnt/d/Bioinformatik_MSc_alt/CW_BMD/work/OUTDIR/Day_2/23/311daa3b8dad8d2aeea333f2819243/SRX19144486.namesorted.cram` (pattern: `SRX19144486.namesorted.cram`)
Sep-30 19:14:19.660 [TaskFinalizer-3] DEBUG n.processor.TaskFileCollector - Process `NFCORE_RNASEQ:RNASEQ:BAM_QC_RNASEQ:SAMTOOLS_SORT_QUALIMAP (SRX19144486)` is unable to find [UnixPath]: `/mnt/d/Bioinformatik_MSc_alt/CW_BMD/work/OUTDIR/Day_2/23/311daa3b8dad8d2aeea333f2819243/SRX19144486.namesorted.sam` (pattern: `SRX19144486.namesorted.sam`)
Sep-30 19:14:19.753 [Task submitter] DEBUG n.executor.local.LocalTaskHandler - Launch cmd line: /bin/bash -ue .command.run
Sep-30 19:14:19.754 [Task submitter] INFO  nextflow.Session - [65/f9f926] Submitted process > NFCORE_RNASEQ:RNASEQ:BAM_QC_RNASEQ:SUBREAD_FEATURECOUNTS (SRX19144486)
Sep-30 19:14:19.818 [TaskFinalizer-3] DEBUG nextflow.processor.TaskProcessor - Process NFCORE_RNASEQ:RNASEQ:BAM_QC_RNASEQ:SAMTOOLS_SORT_QUALIMAP > Skipping output binding because one or more optional files are missing: fileoutparam<1:1>
Sep-30 19:14:19.819 [TaskFinalizer-3] DEBUG nextflow.processor.TaskProcessor - Process NFCORE_RNASEQ:RNASEQ:BAM_QC_RNASEQ:SAMTOOLS_SORT_QUALIMAP > Skipping output binding because one or more optional files are missing: fileoutparam<2:1>
Sep-30 19:14:19.819 [TaskFinalizer-3] DEBUG nextflow.processor.TaskProcessor - Process NFCORE_RNASEQ:RNASEQ:BAM_QC_RNASEQ:SAMTOOLS_SORT_QUALIMAP > Skipping output binding because one or more optional files are missing: fileoutparam<3:1>
Sep-30 19:14:37.470 [Task monitor] DEBUG n.processor.TaskPollingMonitor - Task completed > TaskHandler[id: 46; name: NFCORE_RNASEQ:RNASEQ:BAM_QC_RNASEQ:SUBREAD_FEATURECOUNTS (SRX19144486); status: COMPLETED; exit: 0; error: -; workDir: /mnt/d/Bioinformatik_MSc_alt/CW_BMD/work/OUTDIR/Day_2/65/f9f926805384adeae5b8ae0370cbaf]
Sep-30 19:14:37.503 [Task submitter] DEBUG n.executor.local.LocalTaskHandler - Launch cmd line: /bin/bash -ue .command.run
Sep-30 19:14:37.504 [Task submitter] INFO  nextflow.Session - [c7/3f8829] Submitted process > NFCORE_RNASEQ:RNASEQ:BAM_QC_RNASEQ:BAM_RSEQC:RSEQC_JUNCTIONANNOTATION (SRX19144486)
Sep-30 19:14:37.893 [Actor Thread 36] DEBUG nextflow.util.HashBuilder - Hash asset file sha-256: /home/laura/.nextflow/assets/.repos/nf-core/rnaseq/clones/a1fcdddd3b826fe46eb46f0479f2ff8a7815af05/assets/biotypes_header.txt
Sep-30 19:14:51.378 [Task monitor] DEBUG n.processor.TaskPollingMonitor - Task completed > TaskHandler[id: 38; name: NFCORE_RNASEQ:RNASEQ:BAM_QC_RNASEQ:BAM_RSEQC:RSEQC_JUNCTIONANNOTATION (SRX19144486); status: COMPLETED; exit: 0; error: -; workDir: /mnt/d/Bioinformatik_MSc_alt/CW_BMD/work/OUTDIR/Day_2/c7/3f8829ae2054786e63da1230162549]
Sep-30 19:14:51.415 [Task submitter] DEBUG n.executor.local.LocalTaskHandler - Launch cmd line: /bin/bash -ue .command.run
Sep-30 19:14:51.417 [Task submitter] INFO  nextflow.Session - [75/40b2e0] Submitted process > NFCORE_RNASEQ:RNASEQ:BEDGRAPH_BEDCLIP_BEDGRAPHTOBIGWIG_FORWARD:UCSC_BEDCLIP (SRX19144486)
Sep-30 19:14:59.124 [Task monitor] DEBUG n.processor.TaskPollingMonitor - Task completed > TaskHandler[id: 47; name: NFCORE_RNASEQ:RNASEQ:BEDGRAPH_BEDCLIP_BEDGRAPHTOBIGWIG_FORWARD:UCSC_BEDCLIP (SRX19144486); status: COMPLETED; exit: 0; error: -; workDir: /mnt/d/Bioinformatik_MSc_alt/CW_BMD/work/OUTDIR/Day_2/75/40b2e0c573ef7c9e2350e5daf48189]
Sep-30 19:14:59.151 [Task submitter] DEBUG n.executor.local.LocalTaskHandler - Launch cmd line: /bin/bash -ue .command.run
Sep-30 19:14:59.154 [Task submitter] INFO  nextflow.Session - [86/f924c8] Submitted process > NFCORE_RNASEQ:RNASEQ:BEDGRAPH_BEDCLIP_BEDGRAPHTOBIGWIG_REVERSE:UCSC_BEDCLIP (SRX19144486)
Sep-30 19:15:00.951 [Task monitor] DEBUG n.processor.TaskPollingMonitor - Task completed > TaskHandler[id: 48; name: NFCORE_RNASEQ:RNASEQ:BEDGRAPH_BEDCLIP_BEDGRAPHTOBIGWIG_REVERSE:UCSC_BEDCLIP (SRX19144486); status: COMPLETED; exit: 0; error: -; workDir: /mnt/d/Bioinformatik_MSc_alt/CW_BMD/work/OUTDIR/Day_2/86/f924c8210bdc76289a6355827fb9af]
Sep-30 19:15:00.997 [Task submitter] DEBUG n.executor.local.LocalTaskHandler - Launch cmd line: /bin/bash -ue .command.run
Sep-30 19:15:00.998 [Task submitter] INFO  nextflow.Session - [16/10e21c] Submitted process > NFCORE_RNASEQ:RNASEQ:BEDGRAPH_BEDCLIP_BEDGRAPHTOBIGWIG_COMBINED:UCSC_BEDCLIP (SRX19144486)
Sep-30 19:15:03.793 [Task monitor] DEBUG n.processor.TaskPollingMonitor - Task completed > TaskHandler[id: 49; name: NFCORE_RNASEQ:RNASEQ:BEDGRAPH_BEDCLIP_BEDGRAPHTOBIGWIG_COMBINED:UCSC_BEDCLIP (SRX19144486); status: COMPLETED; exit: 0; error: -; workDir: /mnt/d/Bioinformatik_MSc_alt/CW_BMD/work/OUTDIR/Day_2/16/10e21c7f67da35a5420730af287c7d]
Sep-30 19:15:03.857 [Task submitter] DEBUG n.executor.local.LocalTaskHandler - Launch cmd line: /bin/bash -ue .command.run
Sep-30 19:15:03.858 [Task submitter] INFO  nextflow.Session - [36/7eb59e] Submitted process > NFCORE_RNASEQ:RNASEQ:BAM_QC_RNASEQ:QUALIMAP_RNASEQ (SRX19144486)
Sep-30 19:17:24.107 [Task submitter] DEBUG n.processor.TaskPollingMonitor - %% executor local > tasks in the submission queue: 4 -- tasks to be submitted are shown below
~> TaskHandler[id: 51; name: NFCORE_RNASEQ:RNASEQ:BAM_QC_RNASEQ:CUSTOM_MULTIQCCUSTOMBIOTYPE (SRX19144486); status: NEW; exit: -; error: -; workDir: /mnt/d/Bioinformatik_MSc_alt/CW_BMD/work/OUTDIR/Day_2/c9/f28900dacf098bdd535fe0915908d7]
~> TaskHandler[id: 52; name: NFCORE_RNASEQ:RNASEQ:BEDGRAPH_BEDCLIP_BEDGRAPHTOBIGWIG_FORWARD:UCSC_BEDGRAPHTOBIGWIG (SRX19144486); status: NEW; exit: -; error: -; workDir: /mnt/d/Bioinformatik_MSc_alt/CW_BMD/work/OUTDIR/Day_2/9d/9a040b57a02a0e5d20385aee3d2392]
~> TaskHandler[id: 53; name: NFCORE_RNASEQ:RNASEQ:BEDGRAPH_BEDCLIP_BEDGRAPHTOBIGWIG_REVERSE:UCSC_BEDGRAPHTOBIGWIG (SRX19144486); status: NEW; exit: -; error: -; workDir: /mnt/d/Bioinformatik_MSc_alt/CW_BMD/work/OUTDIR/Day_2/9e/3277eede7ffd0c1c7b4007b8d51fd5]
~> TaskHandler[id: 54; name: NFCORE_RNASEQ:RNASEQ:BEDGRAPH_BEDCLIP_BEDGRAPHTOBIGWIG_COMBINED:UCSC_BEDGRAPHTOBIGWIG (SRX19144486); status: NEW; exit: -; error: -; workDir: /mnt/d/Bioinformatik_MSc_alt/CW_BMD/work/OUTDIR/Day_2/99/161ec9e8ade9175012e39c3a160c9e]
Sep-30 19:18:20.234 [Task monitor] DEBUG n.processor.TaskPollingMonitor - Task completed > TaskHandler[id: 50; name: NFCORE_RNASEQ:RNASEQ:BAM_QC_RNASEQ:QUALIMAP_RNASEQ (SRX19144486); status: COMPLETED; exit: 0; error: -; workDir: /mnt/d/Bioinformatik_MSc_alt/CW_BMD/work/OUTDIR/Day_2/36/7eb59e01eb89558fa25a849c9073d7]
Sep-30 19:18:20.281 [Task submitter] DEBUG n.executor.local.LocalTaskHandler - Launch cmd line: /bin/bash -ue .command.run
Sep-30 19:18:20.282 [Task submitter] INFO  nextflow.Session - [c9/f28900] Submitted process > NFCORE_RNASEQ:RNASEQ:BAM_QC_RNASEQ:CUSTOM_MULTIQCCUSTOMBIOTYPE (SRX19144486)
Sep-30 19:18:20.355 [Task submitter] DEBUG n.executor.local.LocalTaskHandler - Launch cmd line: /bin/bash -ue .command.run
Sep-30 19:18:20.356 [Task submitter] INFO  nextflow.Session - [9d/9a040b] Submitted process > NFCORE_RNASEQ:RNASEQ:BEDGRAPH_BEDCLIP_BEDGRAPHTOBIGWIG_FORWARD:UCSC_BEDGRAPHTOBIGWIG (SRX19144486)
Sep-30 19:18:31.972 [Task monitor] DEBUG n.processor.TaskPollingMonitor - !! executor local > tasks to be completed: 2 -- submitted tasks are shown below
~> TaskHandler[id: 51; name: NFCORE_RNASEQ:RNASEQ:BAM_QC_RNASEQ:CUSTOM_MULTIQCCUSTOMBIOTYPE (SRX19144486); status: RUNNING; exit: -; error: -; workDir: /mnt/d/Bioinformatik_MSc_alt/CW_BMD/work/OUTDIR/Day_2/c9/f28900dacf098bdd535fe0915908d7]
~> TaskHandler[id: 52; name: NFCORE_RNASEQ:RNASEQ:BEDGRAPH_BEDCLIP_BEDGRAPHTOBIGWIG_FORWARD:UCSC_BEDGRAPHTOBIGWIG (SRX19144486); status: RUNNING; exit: -; error: -; workDir: /mnt/d/Bioinformatik_MSc_alt/CW_BMD/work/OUTDIR/Day_2/9d/9a040b57a02a0e5d20385aee3d2392]
Sep-30 19:18:37.696 [Task monitor] DEBUG n.processor.TaskPollingMonitor - Task completed > TaskHandler[id: 52; name: NFCORE_RNASEQ:RNASEQ:BEDGRAPH_BEDCLIP_BEDGRAPHTOBIGWIG_FORWARD:UCSC_BEDGRAPHTOBIGWIG (SRX19144486); status: COMPLETED; exit: 0; error: -; workDir: /mnt/d/Bioinformatik_MSc_alt/CW_BMD/work/OUTDIR/Day_2/9d/9a040b57a02a0e5d20385aee3d2392]
Sep-30 19:18:37.732 [Task submitter] DEBUG n.executor.local.LocalTaskHandler - Launch cmd line: /bin/bash -ue .command.run
Sep-30 19:18:37.732 [Task submitter] INFO  nextflow.Session - [9e/3277ee] Submitted process > NFCORE_RNASEQ:RNASEQ:BEDGRAPH_BEDCLIP_BEDGRAPHTOBIGWIG_REVERSE:UCSC_BEDGRAPHTOBIGWIG (SRX19144486)
Sep-30 19:18:40.898 [Task monitor] DEBUG n.processor.TaskPollingMonitor - Task completed > TaskHandler[id: 53; name: NFCORE_RNASEQ:RNASEQ:BEDGRAPH_BEDCLIP_BEDGRAPHTOBIGWIG_REVERSE:UCSC_BEDGRAPHTOBIGWIG (SRX19144486); status: COMPLETED; exit: 0; error: -; workDir: /mnt/d/Bioinformatik_MSc_alt/CW_BMD/work/OUTDIR/Day_2/9e/3277eede7ffd0c1c7b4007b8d51fd5]
Sep-30 19:18:40.941 [Task submitter] DEBUG n.executor.local.LocalTaskHandler - Launch cmd line: /bin/bash -ue .command.run
Sep-30 19:18:40.942 [Task submitter] INFO  nextflow.Session - [99/161ec9] Submitted process > NFCORE_RNASEQ:RNASEQ:BEDGRAPH_BEDCLIP_BEDGRAPHTOBIGWIG_COMBINED:UCSC_BEDGRAPHTOBIGWIG (SRX19144486)
Sep-30 19:18:42.083 [Task monitor] DEBUG n.processor.TaskPollingMonitor - Task completed > TaskHandler[id: 51; name: NFCORE_RNASEQ:RNASEQ:BAM_QC_RNASEQ:CUSTOM_MULTIQCCUSTOMBIOTYPE (SRX19144486); status: COMPLETED; exit: 0; error: -; workDir: /mnt/d/Bioinformatik_MSc_alt/CW_BMD/work/OUTDIR/Day_2/c9/f28900dacf098bdd535fe0915908d7]
Sep-30 19:18:42.262 [Actor Thread 57] DEBUG nextflow.file.SortFileCollector - FileCollector temp dir not removed: null
Sep-30 19:18:42.263 [Actor Thread 39] DEBUG nextflow.file.SortFileCollector - FileCollector temp dir not removed: null
Sep-30 19:18:45.104 [Task monitor] DEBUG n.processor.TaskPollingMonitor - Task completed > TaskHandler[id: 54; name: NFCORE_RNASEQ:RNASEQ:BEDGRAPH_BEDCLIP_BEDGRAPHTOBIGWIG_COMBINED:UCSC_BEDGRAPHTOBIGWIG (SRX19144486); status: COMPLETED; exit: 0; error: -; workDir: /mnt/d/Bioinformatik_MSc_alt/CW_BMD/work/OUTDIR/Day_2/99/161ec9e8ade9175012e39c3a160c9e]
Sep-30 19:18:45.266 [Actor Thread 54] DEBUG nextflow.sort.BigSort - Sort completed -- entries: 41; slices: 1; internal sort time: 0.066 s; external sort time: 0.011 s; total time: 0.077 s
Sep-30 19:18:45.269 [Actor Thread 54] DEBUG nextflow.file.FileCollector - >> temp file exists? false
Sep-30 19:18:45.271 [Actor Thread 54] DEBUG nextflow.file.FileCollector - Missed collect-file cache -- cause: java.nio.file.NoSuchFileException: /mnt/d/Bioinformatik_MSc_alt/CW_BMD/work/OUTDIR/Day_2/collect-file/0f2a9a65837ae2a4504818e06447f004
Sep-30 19:18:45.404 [Actor Thread 54] DEBUG nextflow.file.FileCollector - Saved collect-files list to: /mnt/d/Bioinformatik_MSc_alt/CW_BMD/work/OUTDIR/Day_2/collect-file/0f2a9a65837ae2a4504818e06447f004
Sep-30 19:18:45.423 [Actor Thread 54] DEBUG nextflow.file.FileCollector - Deleting file collector temp dir: /tmp/nxf-2691555655395552497
Sep-30 19:18:45.979 [Actor Thread 44] DEBUG nextflow.util.HashBuilder - Hash asset file sha-256: /home/laura/.nextflow/assets/.repos/nf-core/rnaseq/clones/a1fcdddd3b826fe46eb46f0479f2ff8a7815af05/assets/multiqc_config.yml
Sep-30 19:18:46.115 [Task submitter] DEBUG n.executor.local.LocalTaskHandler - Launch cmd line: /bin/bash -ue .command.run
Sep-30 19:18:46.116 [Task submitter] INFO  nextflow.Session - [a6/cd81d5] Submitted process > NFCORE_RNASEQ:RNASEQ:MULTIQC_RNASEQ:MULTIQC (multiqc_report)
Sep-30 19:21:47.067 [Task monitor] DEBUG n.processor.TaskPollingMonitor - Task completed > TaskHandler[id: 55; name: NFCORE_RNASEQ:RNASEQ:MULTIQC_RNASEQ:MULTIQC (multiqc_report); status: COMPLETED; exit: 0; error: -; workDir: /mnt/d/Bioinformatik_MSc_alt/CW_BMD/work/OUTDIR/Day_2/a6/cd81d5ed0ff464fd06b4e27595bc9b]
Sep-30 19:21:47.638 [main] DEBUG nextflow.Session - Session await > all processes finished
Sep-30 19:21:47.671 [Task monitor] DEBUG n.processor.TaskPollingMonitor - <<< barrier arrives (monitor: local) - terminating tasks monitor poll loop
Sep-30 19:21:47.672 [main] DEBUG nextflow.Session - Session await > all barriers passed
Sep-30 19:21:47.802 [main] DEBUG nextflow.util.ThreadPoolManager - Thread pool 'TaskFinalizer' shutdown completed (hard=false)
Sep-30 19:21:52.818 [main] INFO  nextflow.util.ThreadPoolHelper - Waiting for file transfers to complete (1 files)
Sep-30 19:21:54.348 [main] DEBUG nextflow.util.ThreadPoolManager - Thread pool 'PublishDir' shutdown completed (hard=false)
Sep-30 19:21:54.468 [main] INFO  nextflow.Nextflow - -[0;35m[nf-core/rnaseq][0;32m Pipeline completed successfully [0m-
Sep-30 19:21:54.677 [main] DEBUG n.trace.WorkflowStatsObserver - Workflow completed > WorkflowStats[succeededCount=34; failedCount=0; ignoredCount=0; cachedCount=21; pendingCount=0; submittedCount=0; runningCount=0; retriesCount=0; abortedCount=0; succeedDuration=1h 12m 11s; failedDuration=0ms; cachedDuration=3h 29m 49s;loadCpus=0; loadMemory=0; peakRunning=3; peakCpus=12; peakMemory=24 GB; ]
Sep-30 19:21:55.653 [main] DEBUG nextflow.trace.ReportObserver - Workflow completed -- rendering execution report
Sep-30 19:22:02.892 [main] DEBUG nextflow.trace.TimelineObserver - Workflow completed -- rendering execution timeline
Sep-30 19:22:03.355 [main] DEBUG nextflow.trace.TraceFileObserver - Workflow completed -- saving trace file
Sep-30 19:22:03.393 [main] DEBUG nextflow.cache.CacheDB - Closing CacheDB done
Sep-30 19:22:03.477 [main] INFO  org.pf4j.AbstractPluginManager - Stop plugin 'nf-schema@2.7.2'
Sep-30 19:22:03.478 [main] DEBUG nextflow.plugin.BasePlugin - Plugin stopped nf-schema
Sep-30 19:22:03.490 [main] DEBUG nextflow.util.ThreadPoolManager - Thread pool 'FileTransfer' shutdown completed (hard=false)
Sep-30 19:22:03.495 [main] DEBUG nextflow.script.ScriptRunner - > Execution complete -- Goodbye
